목적지명_통합,목적지X좌표,목적지Y좌표,표시용행정구역,방문건수,구분
CJ제일제당/공주공장,127.14236972079,36.3721577318323,nan nan,1.0,월요일
CU/광주서영대점,126.87034545505485,35.175519524902505,nan nan,1.0,월요일
CU/논산리벤하임점,127.10338915672276,36.18185445149236,nan nan,1.0,월요일
CU/부여무지개점,126.866518074498,36.273056635196,nan nan,2.0,월요일
CU/부여홍산점,126.759459434374,36.2137279021245,nan nan,1.0,월요일
DC킹마트/부여점,126.9254712599208,36.283586276883,nan nan,3.0,월요일
강가모텔,126.88972511983388,36.27449947506016,nan nan,5.0,월요일
강경해물칼국수,127.015429390544,36.1574582359664,nan nan,4.0,월요일
골프존파크/탄벌라임점,127.24202758620704,37.41376931521462,nan nan,1.0,월요일
곱창군/죽동점,127.339074189247,36.3720173213136,nan nan,1.0,월요일
공산성,127.126296598501,36.4632408446971,nan nan,9.0,월요일
관저다목적체육관,127.33658684221,36.29301709552187,nan nan,1.0,월요일
구드래한옥민박,126.909174902961,36.2846165663163,nan nan,2.0,월요일
구름산추어탕/본점,126.871684920024,37.4571565094444,nan nan,2.0,월요일
국립공주대학교/공주신관캠퍼스,127.14059828594706,36.46948342838592,nan nan,4.0,월요일
군산어린이치과의원,126.717337382133,35.9637343519994,nan nan,1.0,월요일
궁전불가마사우나,126.926027370136,36.2835819763205,nan nan,1.0,월요일
기흥산업,126.908112361452,36.2759438573548,nan nan,2.0,월요일
나루터식당,126.909112189869,36.2856649779233,nan nan,6.0,월요일
노루페인트/대성페인트,126.892858241381,35.1507920243726,nan nan,1.0,월요일
논산시민공원,127.106091458876,36.1949529030969,nan nan,2.0,월요일
뉴코아아울렛/동수원점,127.03426931637932,37.266259296307865,nan nan,1.0,월요일
대전애견경매장,127.429686520067,36.3271176979541,nan nan,1.0,월요일
대전중앙시장,127.4331992453394,36.32955171258172,nan nan,2.0,월요일
대천간장게장,126.60663527543372,36.35158532454552,nan nan,1.0,월요일
대천항,126.5123114185944,36.32755927722483,nan nan,1.0,월요일
대천항수산시장,126.50604972654692,36.32657020865504,nan nan,1.0,월요일
더리터/부여점,126.90814963574326,36.27800191890837,nan nan,3.0,월요일
동탄2서영아너시티,127.10286124846805,37.21175857442479,nan nan,1.0,월요일
두리두리식당,126.70413028548,36.3029952080575,nan nan,2.0,월요일
뚜레쥬르/충남부여점,126.91241749097162,36.281026635792784,nan nan,2.0,월요일
롯데리아/신부여점,126.91080652830796,36.28041558529159,nan nan,3.0,월요일
롯데리아/청양점,126.80322485226048,36.45282714056066,nan nan,1.0,월요일
롯데스카이힐/부여컨트리클럽,126.90941756212476,36.30399622468398,nan nan,41.0,월요일
림스카스텔라,127.090578361465,36.1971925220671,nan nan,1.0,월요일
마트킹/구성점,127.10650435417789,37.30285708650448,nan nan,1.0,월요일
면사부,126.894474466529,36.301690848392,nan nan,1.0,월요일
무령왕릉,127.113795417994,36.4622909758361,nan nan,3.0,월요일
무지개탕후루,127.13162750690444,37.51561023862652,nan nan,1.0,월요일
문경종합온천,128.10916049265,36.7299960210692,nan nan,1.0,월요일
미우한우,126.860755495271,36.2719718244715,nan nan,1.0,월요일
바이아크,126.910723266148,36.2729164389242,nan nan,5.0,월요일
백제나루영농조합법인,127.135952469542,36.4906435551797,nan nan,1.0,월요일
부여금사리성당,126.798205689793,36.2496962395036,nan nan,1.0,월요일
부여농협농산물공판장,126.931415777539,36.2838597526004,nan nan,1.0,월요일
부여다사랑병원,126.8698339455,36.22886612616559,nan nan,1.0,월요일
부여왕릉원,126.94300230625488,36.2774297254593,nan nan,14.0,월요일
산수파김치장어,126.565749277661,36.7024187061447,nan nan,1.0,월요일
삼정식당,126.9195557254954,36.28333196862744,nan nan,16.0,월요일
서동한우정육점,126.8610780690494,36.27930651019286,nan nan,2.0,월요일
석장리박물관,127.189672100164,36.4475271757421,nan nan,1.0,월요일
선원3리마을회관,127.545548695901,36.0909009699277,nan nan,1.0,월요일
설빙/충남부여점,126.91242578876592,36.28194000435259,nan nan,5.0,월요일
성모안과의원,126.910778753472,36.2803600359081,nan nan,1.0,월요일
성주산자연휴양림,126.66542203262738,36.333784091216685,nan nan,1.0,월요일
세븐일레븐/부여롯데아울렛점,126.902112628434,36.307273588254,nan nan,2.0,월요일
세종이안과의원,127.25121024257628,36.48694835721769,nan nan,1.0,월요일
순천향대학교,126.93150466943824,36.76998575009645,nan nan,1.0,월요일
시골뚜부,126.89502331118632,36.3015433731007,nan nan,12.0,월요일
시인신동엽생가,126.909343448576,36.277475656253,nan nan,1.0,월요일
에펠제과,126.9107881,36.2807594,nan nan,4.0,월요일
옛날냉삼이야기,126.913878377853,36.2830591839307,nan nan,1.0,월요일
오문창순대국밥,127.42660293234012,36.35922857943825,nan nan,1.0,월요일
옥산성결교회,126.7311429246,36.1902965099396,nan nan,1.0,월요일
왕조걸한방병원,127.40031660406416,36.319406455353885,nan nan,1.0,월요일
우리할매떡볶이/부여점,126.91996027311984,36.28369192350354,nan nan,4.0,월요일
유생촌/대전유성점,127.405456153158,36.3776933160869,nan nan,1.0,월요일
육군훈련소,127.09935375183731,36.1156882570315,nan nan,1.0,월요일
윤대감부대찌개/부여점,126.911318110186,36.2792759150242,nan nan,2.0,월요일
율가가,126.908945536368,36.285859399292,nan nan,10.0,월요일
임천떡방앗간,126.89156119184,36.1911116697297,nan nan,2.0,월요일
잘난체돈까스,126.598638536157,36.3511658206018,nan nan,1.0,월요일
전통궁중칼국수,127.156935014286,36.4556491374507,nan nan,2.0,월요일
제로짐,126.651974167834,37.5326096722026,nan nan,1.0,월요일
직지사,128.00387271864304,36.11647994913884,nan nan,1.0,월요일
쭈삼춘천닭갈비,126.60801226892912,36.3351325798129,nan nan,1.0,월요일
커피베이/부여궁남점,126.910283816886,36.2727180718229,nan nan,1.0,월요일
컴포즈커피/광주계림점,126.92581694232038,35.157916699741364,nan nan,1.0,월요일
코월드이비인후과의원,127.488345734124,36.6545100239942,nan nan,1.0,월요일
탑클라우드호텔/익산점,126.94975787336034,35.93027277858682,nan nan,1.0,월요일
톤톤프리미엄키즈카페,127.11937196803248,36.838000235862765,nan nan,1.0,월요일
투썸플레이스/논산대학로점,127.1075019457966,36.18080633128081,nan nan,1.0,월요일
트레이더스 홀세일 클럽/월평점,127.3629441554117,36.35777173325781,nan nan,2.0,월요일
트리플에이커피/청양점,126.8040212513122,36.45551572078156,nan nan,1.0,월요일
파라다이스모텔,126.911917551496,36.2791379592289,nan nan,1.0,월요일
파라다이스스파도고,126.8859566277033,36.76611655500516,nan nan,1.0,월요일
파파존스/세종2호점,127.27776443147336,36.47264669265943,nan nan,1.0,월요일
프린세스피크닉카페,127.1243052356772,36.47656842101032,nan nan,1.0,월요일
하나로마트/세도농협,126.9451427338957,36.16883864532454,nan nan,2.0,월요일
하늘채구이나라,126.918532839854,36.2802876781707,nan nan,1.0,월요일
하얀책상/공주점,127.136540978146,36.4723997934202,nan nan,1.0,월요일
한국식품연구원,127.04950689405304,35.83507390600234,nan nan,1.0,월요일
한국오바라/본사,126.900607659809,37.0817422285577,nan nan,1.0,월요일
한국전통문화대학교/세종캠퍼스,127.24993416233391,36.49339250890221,nan nan,3.0,월요일
합동신학대학원대학교,127.05376616729744,37.28017042254479,nan nan,1.0,월요일
행당시장,127.03272610439578,37.56008484696998,nan nan,1.0,월요일
현북2리마을회관,126.956238358724,36.2583786886275,nan nan,1.0,월요일
화지중앙시장,127.083967295669,36.2087408501415,nan nan,4.0,월요일
AK&/세종,127.25884617420112,36.50112975739499,nan nan,1.0,금요일
CU/부여은산점,126.853450274285,36.3092730896185,nan nan,4.0,금요일
CU/서천한산점,126.803370173203,36.0842706270474,nan nan,2.0,금요일
GS25/홍성법원점,126.64724964475634,36.600649487919206,nan nan,1.0,금요일
S무인텔,126.89825179641667,36.31482826142988,nan nan,1.0,금요일
e민물장어하우스,126.895100002604,36.3018285741227,nan nan,2.0,금요일
가장맛있는족발/당진점,126.62966878534928,36.901586529023234,nan nan,1.0,금요일
가중2리마을회관,126.834311971385,36.2992833240985,nan nan,1.0,금요일
건양대학교병원/권역응급의료센터,127.34196795290045,36.306743977270784,nan nan,2.0,금요일
경둔1리마을회관,126.827730349542,36.3082452865858,nan nan,1.0,금요일
고란초모텔,126.911584239766,36.280082294258,nan nan,11.0,금요일
고마게스트하우스,127.122751942879,36.4652234970508,nan nan,2.0,금요일
고봉민김밥인부여점/부여점,126.910306564023,36.2814432432315,nan nan,1.0,금요일
고창애풍천장어,127.160659783219,36.4507634761664,nan nan,1.0,금요일
골드리버CC,127.163327403034,36.5036543820055,nan nan,1.0,금요일
골프존파크/청양칠갑스크린점,126.802292720165,36.4526579838356,nan nan,1.0,금요일
골프존파크/홍도야스크린점,127.429352022285,36.3457191608088,nan nan,1.0,금요일
공주유스호스텔,127.046913201572,36.3332446780603,nan nan,1.0,금요일
공주한옥마을,127.1087614836584,36.46457110656616,nan nan,4.0,금요일
관저오징어나라/본점,127.338752417987,36.3008251485198,nan nan,1.0,금요일
광주월드컵경기장,126.87489504742324,35.13368228982632,nan nan,1.0,금요일
구드래119번길무인텔,126.909806577526,36.285081714901,nan nan,1.0,금요일
구드래한우타운,126.91003327797006,36.28488278946794,nan nan,18.0,금요일
구드래황토정,126.885836540257,36.278804518645,nan nan,9.0,금요일
국립공주박물관,127.111970382242,36.4655008430605,nan nan,1.0,금요일
굽네치킨/부여점,126.9118086378698,36.28252777525655,nan nan,3.0,금요일
굿뜨래웰빙마을,126.93054964700777,36.27555797173818,nan nan,5.0,금요일
궁남지,126.91222316064965,36.26963904275301,nan nan,271.0,금요일
궁남지돌삼겹,126.913185004067,36.2739422296385,nan nan,1.0,금요일
궁남추어탕,126.912417537987,36.275499487525,nan nan,1.0,금요일
귀촌부부,126.918222584489,36.2746662814728,nan nan,2.0,금요일
규암보건지소,126.85688391592764,36.26901290531961,nan nan,5.0,금요일
금강5경/백제보전망대,126.941702114632,36.3175338226741,nan nan,4.0,금요일
금강신관공원,127.131346266195,36.4673374877505,nan nan,6.0,금요일
금반향,126.711463138392,36.282164289273,nan nan,3.0,금요일
김가네사골수제비,126.51830660161384,36.32048503060745,nan nan,1.0,금요일
김해뒷고기,126.923138720105,36.2856928308602,nan nan,2.0,금요일
네스앤텍,127.4082192876071,36.41572667466779,nan nan,1.0,금요일
다이소/부여점,126.909695520005,36.2799434106522,nan nan,7.0,금요일
달콤왕가탕후루/부여점,126.91080654886,36.277999193843,nan nan,1.0,금요일
대가,126.924638607101,36.2833042224136,nan nan,1.0,금요일
대경한의원,126.909528861307,36.2807488735374,nan nan,1.0,금요일
대백제전/(부여),126.90679512557182,36.30696414836373,nan nan,4.0,금요일
대전관저가구단지,127.326055214678,36.3017111669987,nan nan,1.0,금요일
대전선병원,127.41038450177253,36.33595307785332,nan nan,1.0,금요일
대천해수욕장,126.513481592784,36.3102317300706,nan nan,13.0,금요일
더리터/부여점,126.90814963574326,36.27800191890837,nan nan,1.0,금요일
동행복권판매점/장미슈퍼,126.90939002279,36.2762771598501,nan nan,3.0,금요일
딴펄시골마당,126.887003313162,36.2540017943101,nan nan,2.0,금요일
롯데리아/부여아울렛점,126.90229132695292,36.30693725654541,nan nan,10.0,금요일
롯데리조트부여/아쿠아가든,126.89996953203286,36.30421373343992,nan nan,1.0,금요일
롯데마트/화정점,126.83112887915571,37.63291910140243,nan nan,1.0,금요일
롯데백화점/노원점,127.06133796050445,37.65507468704351,nan nan,1.0,금요일
롯데칠성음료/논산지점,127.183145327949,36.2098846463082,nan nan,1.0,금요일
릴리야,126.91833405859563,36.2745091015708,nan nan,2.0,금요일
만송골갈비탕/천안차암점,127.104815924296,36.8412696569082,nan nan,1.0,금요일
만수산자연휴양림,126.71135157347358,36.338046805569405,nan nan,1.0,금요일
맘스터치/부여점,126.91169533721794,36.28052668870656,nan nan,3.0,금요일
맛소네,126.90810715064003,36.30506118624824,nan nan,6.0,금요일
맥도날드/충남논산DT점,127.09543344360448,36.18857864346654,nan nan,4.0,금요일
맥도날드/충남보령DT점,126.589009572502,36.3416779673186,nan nan,1.0,금요일
명륜진사갈비/충남부여점,126.906529144107,36.2788601830411,nan nan,5.0,금요일
모닝글로리/부여점,126.911292490543,36.2783098188269,nan nan,1.0,금요일
무인텔골프하늘창,126.897918470487,36.317439073167,nan nan,2.0,금요일
무조건회수산,127.1309176984362,36.46924842290567,nan nan,1.0,금요일
미암사,126.767958130516,36.2796926564635,nan nan,1.0,금요일
믿음젓갈상회,127.013171692313,36.1603171431679,nan nan,1.0,금요일
박가네집,127.481608668262,36.1074292055985,nan nan,1.0,금요일
박경석신경외과의원,126.90939607318944,36.28176520072958,nan nan,1.0,금요일
발리하우스,126.911306506058,36.27780477433,nan nan,1.0,금요일
방일해장국/유성점,127.303402732375,36.3607908785678,nan nan,1.0,금요일
백마가든,126.78590908935293,36.35072972520027,nan nan,9.0,금요일
백마강생활체육공원,126.898779827306,36.2795545052279,nan nan,2.0,금요일
백세건강공원,126.802674290245,36.4447031352575,nan nan,2.0,금요일
백소정/보령점,126.608307267323,36.3353876788617,nan nan,1.0,금요일
백제CC,126.7907333120215,36.34754615727559,nan nan,29.0,금요일
백제가든/[한식],126.945497758304,36.2956084933342,nan nan,1.0,금요일
백제갈비짬뽕/[중식],126.86171031085333,36.27179075227498,nan nan,3.0,금요일
백제관광호텔,126.922302423719,36.291820917793,nan nan,1.0,금요일
백제궁수라간,126.91768023865144,36.306409508477856,nan nan,38.0,금요일
백제의집/[한식],126.914750599583,36.2830541956547,nan nan,3.0,금요일
백제해장국,126.894918877584,36.3009687109232,nan nan,23.0,금요일
보정탑정형외과의원,127.115120107868,37.3202479943862,nan nan,1.0,금요일
부소산성,126.91530607002784,36.28724816549565,nan nan,21.0,금요일
부여군농업기술센터,126.84331270924,36.259250954779,nan nan,3.0,금요일
부여군민회관,126.909892256522,36.2764234791304,nan nan,1.0,금요일
부여노인전문병원,126.86943736385194,36.275594543311655,nan nan,10.0,금요일
부여문화원,126.9175943312535,36.279219484370685,nan nan,3.0,금요일
부여수모텔,126.910112132851,36.281915410589,nan nan,12.0,금요일
부여시장,126.90736237784284,36.28185984602662,nan nan,6.0,금요일
부여여흥민씨고택,126.92267119669054,36.26582643546979,nan nan,2.0,금요일
부여중앙시장,126.9120530210438,36.28191823435287,nan nan,21.0,금요일
부여향교,126.915102,36.2804078,nan nan,1.0,금요일
브런치의정석,127.09447413438,36.2016423563807,nan nan,1.0,금요일
빽다방/논산터미널점,127.088287888829,36.2031124354042,nan nan,1.0,금요일
사랑나무돈까스,126.8918532663431,36.1906778700522,nan nan,9.0,금요일
사비장,126.911690730135,36.2765293589096,nan nan,1.0,금요일
사비향,126.913028616258,36.272972001006,nan nan,3.0,금요일
상화원,126.53855485951192,36.27727583466661,nan nan,1.0,금요일
샤브향/대전관저점,127.33792402919148,36.29796983859183,nan nan,1.0,금요일
서동요오픈세트장,126.82367652048136,36.14484720175128,nan nan,3.0,금요일
서동한우/규암직영점,126.86109414622469,36.279426953956005,nan nan,10.0,금요일
서산중앙병원,126.503420130128,36.7810115264535,nan nan,1.0,금요일
서울과학기술대학교,127.08027896385352,37.63188100081528,nan nan,1.0,금요일
서울연합내과의원,126.911528682062,36.280915532377,nan nan,2.0,금요일
석촌해물칼국수,126.922083277814,36.2834153065906,nan nan,1.0,금요일
성요셉연합의원,126.91080307693976,36.2795784349898,nan nan,1.0,금요일
성흥산,126.89889156736338,36.19858636316552,nan nan,2.0,금요일
세종특별자치시보건소,127.29266725237004,36.59602982704183,nan nan,1.0,금요일
세종필드골프연습장,127.26724370703268,36.54117646949371,nan nan,2.0,금요일
소부리보리밥,126.90827079416056,36.28294146400774,nan nan,1.0,금요일
솔내음,126.90891776082378,36.28588717375132,nan nan,40.0,금요일
송간노인정,126.966518579236,36.3138917431572,nan nan,1.0,금요일
송정그림책마을찻집,126.83109361865,36.1372323028211,nan nan,2.0,금요일
쇼몽플라워,127.34023463172608,36.29809035278216,nan nan,1.0,금요일
스타벅스/대전갈마DT점,127.37051085523537,36.35154392237487,nan nan,1.0,금요일
시골아낙,126.913584124313,36.2727498071868,nan nan,1.0,금요일
식장산,127.48111139874166,36.29971072880948,nan nan,1.0,금요일
쌀굽당,126.911028717067,36.282026514159,nan nan,1.0,금요일
아이들마음소아청소년과의원,126.90966143087552,36.280615872015474,nan nan,5.0,금요일
아트박스 세종홈플러스점,127.25830951463074,36.50758318982734,nan nan,1.0,금요일
안경매니져/부여점,126.91029530366,36.282133730417,nan nan,1.0,금요일
앳267,126.91077782986925,36.27236121796719,nan nan,2.0,금요일
양만타조개나라,126.91104445314568,36.28387330817918,nan nan,2.0,금요일
엄가네곰탕,126.91016766101828,36.28455399924709,nan nan,4.0,금요일
엑스포코아,127.405871299449,36.4001057653811,nan nan,1.0,금요일
연꽃향/[한식],126.91317880274204,36.27392950540751,nan nan,5.0,금요일
연잎담,126.9012143,36.2748273,nan nan,12.0,금요일
영일루,126.887808627358,36.2740550705796,nan nan,3.0,금요일
예산상설시장,126.84974907731583,36.67670107488237,nan nan,2.0,금요일
옛터민속박물관,127.44084381562962,36.21510485306332,nan nan,1.0,금요일
오대양횟집,126.913139651579,36.2807211190645,nan nan,4.0,금요일
오렌즈/논산점,127.087282838612,36.2022498201605,nan nan,1.0,금요일
오봉산해수욕장,126.401057434201,36.3679331752982,nan nan,1.0,금요일
옥경이국밥,126.74876237238622,35.94168246273001,nan nan,1.0,금요일
외산보건지소,126.704208949088,36.3043384205422,nan nan,1.0,금요일
용용도넛,127.465736092936,36.6431607663062,nan nan,1.0,금요일
우성사료/논산공장,127.100129756117,36.1442452731574,nan nan,1.0,금요일
원광대학교,126.95370011357312,35.96903494818683,nan nan,1.0,금요일
유사장직화구이,126.909528826103,36.2848872910528,nan nan,2.0,금요일
유성CC,127.29069469151182,36.35459894823412,nan nan,1.0,금요일
은산면체육회관,126.85414706388876,36.309894507717786,nan nan,1.0,금요일
은산보건지소,126.8545471071099,36.31032756445136,nan nan,1.0,금요일
이마트/군산점,126.73500861752936,35.98284660385269,nan nan,3.0,금요일
일아아스콘,126.63011432948296,36.10941053452262,nan nan,1.0,금요일
자연애마트,126.920194558762,36.2831930991243,nan nan,1.0,금요일
장가계양꼬치/첨단2호점,126.865379508945,35.2085514367296,nan nan,1.0,금요일
장원막국수,126.90872330601528,36.289136802505,nan nan,31.0,금요일
장위동유성집/의정부점,127.038344894979,37.7352154237353,nan nan,1.0,금요일
장항스카이워크,126.66518032365,36.0184418365009,nan nan,2.0,금요일
전북대학교/전주캠퍼스,127.1296051529039,35.84572115414923,nan nan,1.0,금요일
전설의스테이크갈비,126.906662938883,36.2778052327548,nan nan,1.0,금요일
전주대사습청,127.153497506932,35.8176368465932,nan nan,1.0,금요일
정관장/보령점,126.604563176768,36.3480530905391,nan nan,1.0,금요일
정림로3,126.90655098990652,36.27887565335175,nan nan,1.0,금요일
정림사지,126.91408402670416,36.27899909824307,nan nan,20.0,금요일
주봉마을우렁촌,127.087022002175,36.4001112520815,nan nan,1.0,금요일
주은철강자원,126.9152448085,36.2834638936501,nan nan,1.0,금요일
진렌탈,127.026293876386,37.5208848495962,nan nan,1.0,금요일
진잠도서관,127.31971500079,36.3031449506281,nan nan,2.0,금요일
차돌식당,126.7649526131986,36.19891399194853,nan nan,5.0,금요일
창천기도원,126.890531445957,37.798058181378,nan nan,1.0,금요일
천년육개장,127.321889721879,36.359808887265,nan nan,1.0,금요일
천지성/[중식],126.920000288104,36.2648063031272,nan nan,1.0,금요일
청양고덕갈비,126.750861313609,36.4506007872808,nan nan,2.0,금요일
청주공룡월드,127.486688575843,36.6350074087717,nan nan,1.0,금요일
추어명가/세종점,127.27628983567006,36.45957427944372,nan nan,1.0,금요일
충남대학교/동물자원연구센터,126.947669912643,36.3789070196113,nan nan,1.0,금요일
충남종합관광안내소,126.914527334075,36.2840545640817,nan nan,2.0,금요일
카페라비에,126.90303997759,36.2670952844716,nan nan,1.0,금요일
카페부여루,126.92754592691368,36.29151059601426,nan nan,1.0,금요일
커피드포트,129.117606030764,35.1758469172161,nan nan,1.0,금요일
코러스마트,126.759237234896,36.2133668309202,nan nan,1.0,금요일
탑정호수변생태공원,127.171309454845,36.1918564990047,nan nan,1.0,금요일
투썸플레이스/논산시청점,127.0978615465318,36.18593705321436,nan nan,1.0,금요일
투썸플레이스/충남청양점,126.79993822014936,36.44775352996172,nan nan,1.0,금요일
파크아트빌라스,126.8972412322687,36.31636128839172,nan nan,4.0,금요일
팔충사,126.803344642722,36.1871200589696,nan nan,2.0,금요일
편백하우스펜션,126.9325791602505,36.26673888430292,nan nan,1.0,금요일
포나타이,127.078893980736,37.4939358003886,nan nan,1.0,금요일
푸라닭/충남부여점,126.91768903139872,36.28360844463442,nan nan,1.0,금요일
푸릴리/천안아산역점,127.10736294612002,36.78818478940415,nan nan,1.0,금요일
풍년가든,126.87828215642,36.219588997168,nan nan,5.0,금요일
프렌즈아카데미/아산탕정점,127.05101493222604,36.79645397671453,nan nan,1.0,금요일
피자마루/충남부여점,126.91033293797948,36.2813443153584,nan nan,1.0,금요일
피크장모텔,126.91160332206778,36.277234264649394,nan nan,3.0,금요일
하나로마트/대전충남우유농협,126.91027160360824,36.27873268014483,nan nan,2.0,금요일
하나로마트/부여농협로컬푸드직매장,126.9309789,36.2847959,nan nan,31.0,금요일
하나로마트/부여축협본점,126.90900111675556,36.28235979822048,nan nan,23.0,금요일
하나로마트/장암농협본점,126.88451724300188,36.24343533893298,nan nan,4.0,금요일
하나로마트/정산농협청남점,126.95205872023412,36.3533045792941,nan nan,1.0,금요일
하남돼지집/문래점,126.89014348729673,37.52016183558455,nan nan,1.0,금요일
하늘채카페마루,126.918525030745,36.2803047954842,nan nan,1.0,금요일
하늘채황금수라/[한식],126.91825645664404,36.28025627364427,nan nan,27.0,금요일
한국소리문화의전당,127.138168831093,35.8561517552094,nan nan,1.0,금요일
함양리마을회관,126.874519487876,36.3026594669721,nan nan,1.0,금요일
함흥냉면,126.911084257049,36.283276372109,nan nan,1.0,금요일
행복낙지/부여점,126.9091543354582,36.28017869067011,nan nan,2.0,금요일
혜경궁베이커리,126.969166199596,37.1934357922895,nan nan,1.0,금요일
호수정/[한식],126.860422189705,36.2721940195389,nan nan,2.0,금요일
호텔공산여관,127.131400449383,36.470354519507,nan nan,1.0,금요일
호텔롯데 롯데리조트부여,126.90072389123355,36.303968401532224,nan nan,4.0,금요일
홍산객사,126.756647778463,36.2158694750891,nan nan,1.0,금요일
홍산관광농원,126.7470812111573,36.2531798710306,nan nan,1.0,금요일
홍산문화살롱,126.75811829821748,36.21425733471676,nan nan,3.0,금요일
홍성의료원,126.67444030856684,36.599326495264535,nan nan,1.0,금요일
홍주의사총,126.670591858392,36.6054977303206,nan nan,1.0,금요일
24시더원동물메디컬센터,127.4331275963974,36.35724415560895,nan nan,0.16666666666666666,주말
24시전주명가 콩나물국밥,126.910917657414,36.2771381814153,nan nan,0.8333333333333334,주말
474오토캠핑장,127.619262205357,36.2109711929196,nan nan,0.16666666666666666,주말
60계치킨/충남부여점,126.91100070814394,36.279698745121934,nan nan,0.3333333333333333,주말
CU/김제모다아울렛점,126.99346581549123,35.8175796550846,nan nan,0.3333333333333333,주말
CU/뉴부여로터리점,126.93236268404728,36.28670741467556,nan nan,0.16666666666666666,주말
CU/백제보점,126.941720129202,36.3174670930817,nan nan,0.16666666666666666,주말
CU/부여궁남지점,126.912806848039,36.2737184588793,nan nan,0.16666666666666666,주말
CU/부여반산점,126.878940663001,36.2745469082324,nan nan,0.3333333333333333,주말
CU/부여백제점,126.894446691222,36.3016908482367,nan nan,0.3333333333333333,주말
CU/부여쌍북점,126.922248416681,36.2834217904242,nan nan,0.16666666666666666,주말
CU/아산트라팰리스2호점,127.06141805902806,36.80294157679025,nan nan,0.16666666666666666,주말
CU/예산대로점,126.82748855792256,36.68725107052878,nan nan,0.16666666666666666,주말
CU/외산터미널점,126.70466479875644,36.30209919690876,nan nan,0.16666666666666666,주말
CU/천안청당원룸점,127.159758801058,36.782524633697,nan nan,0.16666666666666666,주말
DC킹마트/부여점,126.9254712599208,36.283586276883,nan nan,0.3333333333333333,주말
G340,126.917194875157,36.2773604133498,nan nan,0.16666666666666666,주말
GS25/부여대로점,126.9326082563016,36.286945424299496,nan nan,0.3333333333333333,주말
GS25/부여전통대점,126.89816350331633,36.30730683747535,nan nan,0.5,주말
GS더프레시/공주점,127.13415762869832,36.45554443995895,nan nan,0.16666666666666666,주말
JK스크린골프,128.973258777866,35.0914052698882,nan nan,0.16666666666666666,주말
LG전자베스트샵/부여백제점,126.9084178485178,36.28080441657059,nan nan,0.16666666666666666,주말
Q-cafe,126.89503324083,36.30109145303358,nan nan,0.16666666666666666,주말
VIP모텔,126.91127873618268,36.27716595804321,nan nan,0.16666666666666666,주말
e민물장어하우스,126.895100002604,36.3018285741227,nan nan,0.16666666666666666,주말
가림요양원,126.895197908243,36.1495970536294,nan nan,0.3333333333333333,주말
가장맛있는족발/부여점,126.90858451004873,36.27966565831402,nan nan,0.3333333333333333,주말
갈마살롱,127.372440927905,36.3511882664357,nan nan,0.16666666666666666,주말
갑사,127.18764108020886,36.36600144899904,nan nan,0.16666666666666666,주말
갓식빵/부여점,126.908612299525,36.2779991816083,nan nan,0.16666666666666666,주말
강경사랑주간보호센터,127.017701712903,36.1610627607036,nan nan,0.16666666666666666,주말
강경젓갈시장,127.01464319633013,36.16074594802652,nan nan,0.6666666666666666,주말
개태사,127.2292659281,36.2410010381525,nan nan,0.16666666666666666,주말
개화예술공원,126.657764607041,36.31214489847584,nan nan,0.6666666666666666,주말
개화침례교회,126.654711675538,36.3085494150721,nan nan,0.16666666666666666,주말
갯마을해물손칼국수,126.95590343775068,35.95132790491745,nan nan,0.16666666666666666,주말
건양대학교병원,127.342630292942,36.3067114406784,nan nan,0.16666666666666666,주말
건양대학교부여병원,126.90169626859868,36.27555497700856,nan nan,0.3333333333333333,주말
경기고속도로/향남영업소,126.99530068458,37.1264910994033,nan nan,0.16666666666666666,주말
계룡산힐링펜션,127.2478965315626,36.36020790295174,nan nan,0.16666666666666666,주말
계백관,126.922777656727,36.2838597042998,nan nan,0.3333333333333333,주말
고등어밥상,127.223292398897,36.5024361811346,nan nan,0.16666666666666666,주말
고란사,126.91319510097888,36.29260865420433,nan nan,1.3333333333333333,주말
고란사선착장,126.91311177410957,36.2927197521944,nan nan,1.5,주말
고마나루1999,127.1227079371224,36.46490993756712,nan nan,0.3333333333333333,주말
고산자연휴양림,127.23289615478288,35.96224065467041,nan nan,0.16666666666666666,주말
곡물집,127.119493650957,36.4496285533526,nan nan,0.16666666666666666,주말
골프가족텔,126.89723682585162,36.31756610991648,nan nan,0.6666666666666666,주말
골프무인텔스탠다드,126.8966624396026,36.31769476166198,nan nan,0.5,주말
골프존파크/부여강남스크린점,126.903890520055,36.2753050176993,nan nan,0.3333333333333333,주말
골프존파크/학하오투스크린점,127.3061809224226,36.34186268102796,nan nan,0.16666666666666666,주말
곰골식당,127.12044493999603,36.45166513174919,nan nan,0.8333333333333334,주말
공둘캠핑장,126.575496809517,36.159209449536,nan nan,0.16666666666666666,주말
공산성,127.126296598501,36.4632408446971,nan nan,0.6666666666666666,주말
공주기적의도서관,127.153510522809,36.4727450434807,nan nan,0.16666666666666666,주말
공주산림휴양마을,127.119157818415,36.4233120996077,nan nan,0.16666666666666666,주말
공주산성시장,127.123204990996,36.4582227924178,nan nan,0.8333333333333334,주말
공주소풍펜션,127.023270860778,36.5246878549654,nan nan,0.3333333333333333,주말
공주쌍신집칼국수,127.11995318720436,36.48147338775794,nan nan,0.3333333333333333,주말
공주알밤빵/본점,127.12187591607454,36.46365997573171,nan nan,0.16666666666666666,주말
공주연가,127.116562608089,36.4625586544999,nan nan,0.16666666666666666,주말
공주한옥마을,127.1087614836584,36.46457110656616,nan nan,0.16666666666666666,주말
공주환경성건강센터,127.126475282685,36.4303661310786,nan nan,0.16666666666666666,주말
공차/부여점,126.910223241407,36.281054398167,nan nan,0.16666666666666666,주말
광땡공인중개사사무소,127.34769349988213,36.36171556510519,nan nan,0.3333333333333333,주말
광명동굴,126.86573588470831,37.42646315305282,nan nan,0.16666666666666666,주말
광명식당,126.6949608298808,36.314866469121085,nan nan,0.16666666666666666,주말
광주보훈병원,126.84964293593156,35.208015542258266,nan nan,0.16666666666666666,주말
광한루원,127.379781364826,35.4039187841942,nan nan,0.16666666666666666,주말
교육가족체험장,126.97280738570797,36.167217140342935,nan nan,0.3333333333333333,주말
교촌치킨/구암조촌점,126.7405624923016,35.976518560712684,nan nan,0.16666666666666666,주말
교촌치킨/부여점,126.912889655135,36.282915312198,nan nan,0.3333333333333333,주말
교하도서관,126.712300786967,37.7233201681158,nan nan,0.16666666666666666,주말
구경정나루,126.95559642179776,36.15778624758047,nan nan,0.16666666666666666,주말
구드래119번길무인텔,126.909806577526,36.285081714901,nan nan,0.3333333333333333,주말
구드래돌쌈밥,126.909612148245,36.2853316853433,nan nan,2.1666666666666665,주말
구드래보리밥,126.910973150854,36.283859638387,nan nan,1.0,주말
구드래선착장,126.907723387849,36.2899700353435,nan nan,5.333333333333333,주말
구드래유람선,126.90808446803,36.2898311642886,nan nan,0.5,주말
구드래조각공원,126.90711235636886,36.2869981482423,nan nan,2.0,주말
구드래한우타운,126.91003327797006,36.28488278946794,nan nan,0.5,주말
구름한조각,126.912110119907,36.2826721877467,nan nan,0.3333333333333333,주말
구수곡자연휴양림,129.29077148254,37.0630126443561,nan nan,0.16666666666666666,주말
국립공주대학교/예산캠퍼스,126.85937468290652,36.66990298154316,nan nan,0.3333333333333333,주말
국립공주박물관,127.111970382242,36.4655008430605,nan nan,1.1666666666666667,주말
국립무형유산원,127.159659394825,35.8096526631434,nan nan,0.3333333333333333,주말
국립법무병원,127.23829279742338,36.412236849370245,nan nan,0.16666666666666666,주말
국립부여박물관,126.91900027846316,36.27638831191826,nan nan,41.166666666666664,주말
국립부여박물관사비마루,126.917056004762,36.2766382725973,nan nan,1.6666666666666667,주말
국립생태원,126.718640924183,36.0362143638241,nan nan,0.16666666666666666,주말
국립세종도서관,127.26811764846036,36.49864372052701,nan nan,0.3333333333333333,주말
국립세종수목원,127.2857910242094,36.49806740864633,nan nan,0.16666666666666666,주말
국립익산박물관,127.02746491923894,36.01082380655707,nan nan,0.16666666666666666,주말
군산근대역사박물관,126.71205748405332,35.99082550040427,nan nan,0.16666666666666666,주말
궁남지한방소머리국밥,126.9126742,36.2741577,nan nan,0.16666666666666666,주말
궁남추어탕,126.912417537987,36.275499487525,nan nan,1.5,주말
궁남칼국수,126.912473091437,36.2751661924604,nan nan,0.16666666666666666,주말
규암골목안커피202,126.88794844631092,36.274044965306615,nan nan,1.1666666666666667,주말
규암성결교회,126.885086657305,36.2728607470421,nan nan,0.16666666666666666,주말
그린스모어,126.71122715622876,35.985270113022324,nan nan,0.16666666666666666,주말
금강5경/백제보전망대,126.941702114632,36.3175338226741,nan nan,0.16666666666666666,주말
금강문화관,126.940609119296,36.3171893407095,nan nan,0.16666666666666666,주말
금강하구둑,126.740662530535,36.0191262858855,nan nan,0.5,주말
금반향,126.711463138392,36.282164289273,nan nan,0.16666666666666666,주말
김명자낙지마당/양수리점,127.326857373299,37.5439515345413,nan nan,0.16666666666666666,주말
김밥천국,126.911500910298,36.2804989130077,nan nan,0.3333333333333333,주말
김해뒷고기,126.923138720105,36.2856928308602,nan nan,0.5,주말
까몬/천안신불당점,127.109184502049,36.8188777026012,nan nan,0.16666666666666666,주말
까치내흥부가든,126.858781564449,36.3936431147713,nan nan,0.16666666666666666,주말
꽃지해수욕장,126.336020530277,36.4971820793945,nan nan,0.16666666666666666,주말
낙화암,126.91233406738984,36.29249755094072,nan nan,2.0,주말
남경중화요리/[중식],126.912445311169,36.275749459211,nan nan,1.1666666666666667,주말
남노갈비/동산점,127.080622017907,35.8731792652848,nan nan,0.16666666666666666,주말
남일철물공구건재,126.912473026461,36.2828042114158,nan nan,0.5,주말
내뜨리네,126.8787042,36.2181329,nan nan,0.3333333333333333,주말
내안의숲오토캠핑장,126.7461275244346,36.18487000418528,nan nan,1.0,주말
내지보건진료소,126.824190724996,36.2809711336465,nan nan,0.16666666666666666,주말
너울펜션,126.5094172566197,36.3191510951495,nan nan,0.16666666666666666,주말
네일조아라,127.13721110873676,36.79062315580254,nan nan,0.16666666666666666,주말
노브랜드/보령동대점,126.61097871553342,36.34446944682572,nan nan,0.16666666666666666,주말
노브랜드/진주충무공점,128.13182254048155,35.16947540311878,nan nan,0.16666666666666666,주말
노브랜드/판교운중점,127.081737970047,37.391104666636565,nan nan,0.16666666666666666,주말
노브랜드버거/세종새롬점,127.251176486676,36.4868628182959,nan nan,0.16666666666666666,주말
노브랜드버거/충남부여점,126.912417483173,36.281943198064,nan nan,0.3333333333333333,주말
노은도서관,127.320633042956,36.3815593881396,nan nan,0.16666666666666666,주말
노을커피,126.8803789164644,36.135285640042326,nan nan,0.8333333333333334,주말
노화2리마을회관,126.845340314414,36.2583344036911,nan nan,0.3333333333333333,주말
논산열린도서관,127.10711779488165,36.19666697985303,nan nan,0.16666666666666666,주말
논산해물칼국수,127.08722126406748,36.186835669418,nan nan,0.16666666666666666,주말
논산흑염소,127.11608262163293,36.195843032211634,nan nan,0.16666666666666666,주말
농업회사법인우듬지팜,126.85938414313978,36.26590245578132,nan nan,0.6666666666666666,주말
높은댕이,126.95469124993244,36.31138452565372,nan nan,2.6666666666666665,주말
느루캠핑장,126.88769138317564,36.23761489149079,nan nan,1.8333333333333333,주말
능소야,127.103221935354,36.4526139734006,nan nan,0.3333333333333333,주말
다비치안경/대전관저점,127.335376622877,36.2987042667536,nan nan,0.16666666666666666,주말
다이소/논산내동점,127.09781937805045,36.18421037796509,nan nan,0.16666666666666666,주말
다이소/부여규암점,126.861838738127,36.2712774651163,nan nan,0.5,주말
다이소/세종나성점,127.260970492053,36.4878826367993,nan nan,0.16666666666666666,주말
다이소/충남보령점,126.604988615638,36.3485158991098,nan nan,0.16666666666666666,주말
다정보신명가,127.131096408992,36.8052929537449,nan nan,0.16666666666666666,주말
단사커피,126.92691107133496,36.27037367136344,nan nan,0.16666666666666666,주말
달샤브샤브,126.98431221830644,36.76946916904871,nan nan,0.16666666666666666,주말
달을품은한옥,126.927499388237,36.2921643403422,nan nan,0.16666666666666666,주말
대덕안전,127.12224760340511,36.883813894299934,nan nan,0.16666666666666666,주말
대둔산얼음골계곡유원지,127.338114069502,36.1091529352254,nan nan,0.16666666666666666,주말
대림성모병원,126.90714688301,37.4906748204891,nan nan,0.16666666666666666,주말
대문안집,126.912168540902,36.1594849117159,nan nan,0.5,주말
대복상회/동학사점,127.253061979017,36.3629952278187,nan nan,0.16666666666666666,주말
대전근현대사전시관,127.42089100479454,36.326797534425886,nan nan,0.16666666666666666,주말
대전역/동광장1주차장,127.436164062394,36.333157349181,nan nan,0.16666666666666666,주말
대전월드컵경기장,127.32513866896132,36.365171091983576,nan nan,0.6666666666666666,주말
대천나무내음펜션,126.5288572030624,36.32820509820545,nan nan,0.16666666666666666,주말
대천항주차장,126.507010089504,36.3265128937051,nan nan,0.16666666666666666,주말
대천해수욕장,126.513481592784,36.3102317300706,nan nan,0.16666666666666666,주말
더리터/관저마치광장점,127.3382753009781,36.29707396939945,nan nan,0.16666666666666666,주말
덕남가,127.103485047294,36.2386634164198,nan nan,0.16666666666666666,주말
덤덤덤쪽갈비/충남부여점,126.912449614058,36.2766876254269,nan nan,0.3333333333333333,주말
데이페이/합정점,126.91213285058724,37.55201258292077,nan nan,0.16666666666666666,주말
도림저수지,126.91863675137618,36.38487458155883,nan nan,0.16666666666666666,주말
도미노피자/논산점,127.101563218083,36.187411946512,nan nan,0.16666666666666666,주말
도미노피자/부여점,126.92223525530972,36.283437260411205,nan nan,0.3333333333333333,주말
도안수산시장,127.347906907541,36.3034843865135,nan nan,0.16666666666666666,주말
동군산병원,126.737197712559,35.977427793638306,nan nan,0.16666666666666666,주말
동남교회,126.92108338471,36.2813044303132,nan nan,0.3333333333333333,주말
동탄장수촌,127.088832159993,37.18021147199,nan nan,0.16666666666666666,주말
동학사초가집,127.25800575078792,36.36400208254182,nan nan,0.5,주말
동해안동태찜/부여점,126.91904594516087,36.27382828428305,nan nan,0.16666666666666666,주말
동행복권판매점/돼지복권방,126.91030659355118,36.277971416440415,nan nan,0.16666666666666666,주말
동행복권판매점/장미슈퍼,126.90939002279,36.2762771598501,nan nan,1.0,주말
돼지굽는집,127.348830597187,36.3583580794101,nan nan,0.16666666666666666,주말
두남교회,127.40676619823348,35.842555669712574,nan nan,0.16666666666666666,주말
두손개성만두,127.41640658982,36.3145301818552,nan nan,0.16666666666666666,주말
득윤리마을회관,127.053124831343,36.2428851419475,nan nan,0.16666666666666666,주말
들풀/세종직영점,127.30189065815,36.4780076668987,nan nan,0.3333333333333333,주말
등촌동버섯매운탕,126.692051704757,36.9035866041131,nan nan,0.16666666666666666,주말
등촌샤브칼국수/천안쌍용점,127.117548016694,36.7977125440815,nan nan,0.16666666666666666,주말
디어마이아지,127.129760955119,36.488156040445,nan nan,0.16666666666666666,주말
디저트39/대전학하점,127.300111504431,36.335847387301,nan nan,0.16666666666666666,주말
딩고,127.05504825703578,37.23526004713618,nan nan,0.16666666666666666,주말
땡초화끈이,126.97755338418872,35.95965627644573,nan nan,0.16666666666666666,주말
뚜레쥬르/충남광천점,126.624971273539,36.5030253343149,nan nan,0.16666666666666666,주말
라라코스트/부여점,126.910806549096,36.2779714192283,nan nan,0.5,주말
라벨라헤어뷰,127.132007314265,36.7745171127108,nan nan,0.16666666666666666,주말
라봄헤어/새롬점,127.250314628427,36.4860716105342,nan nan,0.16666666666666666,주말
라온무인호텔,126.537918321484,36.7975110157846,nan nan,0.16666666666666666,주말
라한호텔/전주,127.154066212477,35.8170322746997,nan nan,0.16666666666666666,주말
레이크동물의료센터,127.12872461218248,36.83972510710876,nan nan,0.16666666666666666,주말
로얄페이퍼하우스,126.887964879786,36.2727740458188,nan nan,0.16666666666666666,주말
롤리팝키즈카페/부여점,126.889808445993,36.2744717009091,nan nan,0.5,주말
롯데리아/대천광장점,126.517634517602,36.3055768537488,nan nan,0.16666666666666666,주말
롯데리아/신부여점,126.91080652830796,36.28041558529159,nan nan,0.8333333333333334,주말
롯데리조트/부여,126.900585015881,36.303829527691,nan nan,68.83333333333333,주말
롯데리조트부여/아쿠아가든,126.89996953203286,36.30421373343992,nan nan,0.5,주말
롯데마트/군산점,126.716411195393,35.9648100448134,nan nan,0.3333333333333333,주말
롯데마트/노은점,127.321531542788,36.3843217680646,nan nan,0.16666666666666666,주말
롯데마트/당진점,126.64630291225852,36.90585071861537,nan nan,0.16666666666666666,주말
롯데마트/아산터미널점,127.015897007385,36.78463673044871,nan nan,0.16666666666666666,주말
롯데마트/전주점,127.10252591894458,35.81636627373197,nan nan,0.16666666666666666,주말
롯데몰/군산점,126.73902742893507,35.976344898549605,nan nan,3.3333333333333335,주말
롯데백화점/대전점,127.389624974978,36.340653703926,nan nan,0.16666666666666666,주말
롯데시티호텔/대전,127.393033915649,36.3761920277723,nan nan,0.16666666666666666,주말
롯데아울렛/부여점,126.90227928311494,36.30694029382644,nan nan,48.166666666666664,주말
롯데아울렛/청주점,127.42156642284309,36.64532216539539,nan nan,0.3333333333333333,주말
롯데웰푸드/대전공장,127.402932961545,36.4484721273773,nan nan,0.16666666666666666,주말
롯데프리미엄아울렛/기흥점,127.12182287105342,37.22517252218746,nan nan,0.16666666666666666,주말
롯데하이마트/공주점,127.13377409564,36.4725543221358,nan nan,0.16666666666666666,주말
롯데하이마트/보령점,126.6032518659608,36.34961588682502,nan nan,0.16666666666666666,주말
롱디커피,127.19717683743028,36.444054542354536,nan nan,0.3333333333333333,주말
루디꼬,126.92311957711684,36.28341772596741,nan nan,0.16666666666666666,주말
루야,126.877396632812,36.2740586917754,nan nan,0.16666666666666666,주말
리츠프라자호텔,126.6928148262536,35.958482068486745,nan nan,0.16666666666666666,주말
마리미장,127.343911898306,36.3389159412803,nan nan,0.16666666666666666,주말
마세오른,127.23281381875096,36.40318549078658,nan nan,0.16666666666666666,주말
마트킹/평택점,127.1136000932282,37.01310812816443,nan nan,0.16666666666666666,주말
만남스넥,126.70977629761406,35.984178824622944,nan nan,0.16666666666666666,주말
만다린/[중식],126.91288844859224,36.28269498337036,nan nan,2.1666666666666665,주말
만덕광업,126.70852121821471,34.540797419351776,nan nan,0.16666666666666666,주말
만수산자연휴양림,126.71135157347358,36.338046805569405,nan nan,1.5,주말
만월호텔/중리점,127.424316493188,36.3604262681162,nan nan,0.16666666666666666,주말
만파식적/삼산점,129.347700652669,35.5426029759277,nan nan,0.16666666666666666,주말
맘스터치/목동2호점,126.86369985321004,37.53547382533869,nan nan,0.16666666666666666,주말
맛나감자탕/홍성1호점,126.656147348575,36.5983163106578,nan nan,0.16666666666666666,주말
메가박스/전주객사,127.143724771485,35.8208844521117,nan nan,0.16666666666666666,주말
메가커피/부여터미널점,126.9107430923911,36.281830760957135,nan nan,3.6666666666666665,주말
메밀꽃필무렵,126.922913646543,36.29116006759556,nan nan,9.333333333333334,주말
명륜진사갈비/대전신탄진점,127.424633131989,36.4440605292271,nan nan,0.16666666666666666,주말
명진모텔,126.919889029665,36.2832764212606,nan nan,1.1666666666666667,주말
명진사우나,126.919916804736,36.28330419603,nan nan,0.3333333333333333,주말
명화식육식당,126.7223129430302,35.12295221720541,nan nan,0.16666666666666666,주말
모다아울렛/전주김제점,126.99328880242776,35.81716236137317,nan nan,0.5,주말
모란의뜰,127.077743585634,37.1815456186546,nan nan,0.16666666666666666,주말
모악산도립공원,127.06573198051746,35.7336908241694,nan nan,0.16666666666666666,주말
모충동성당,127.485623762851,36.6215840241279,nan nan,0.16666666666666666,주말
목구멍/공주점,127.13676310012536,36.47308081729476,nan nan,0.5,주말
목구멍/논산점,127.090376746038,36.2007425148554,nan nan,0.16666666666666666,주말
목원대학교,127.33865644429132,36.3257458003222,nan nan,0.16666666666666666,주말
몬스터도넛,127.1379896299651,37.04157705150088,nan nan,0.16666666666666666,주말
무드빌리지,126.9245167,36.2928562,nan nan,21.666666666666668,주말
무인텔골프하늘창,126.897918470487,36.317439073167,nan nan,0.16666666666666666,주말
무창포항,126.537013062302,36.2488573086794,nan nan,0.16666666666666666,주말
무창포해수욕장,126.53663345813,36.2453123693452,nan nan,0.6666666666666666,주말
문강유황온천관광호텔,127.955773479717,36.8877552739247,nan nan,0.16666666666666666,주말
미라보모텔,126.91191755645698,36.27855469232691,nan nan,0.3333333333333333,주말
미락원,126.906223695237,36.2695001362521,nan nan,0.8333333333333334,주말
미미구절판,127.4677680366735,36.61154385868107,nan nan,0.16666666666666666,주말
미스터피자/부여점,126.9103220084112,36.28116857491096,nan nan,0.16666666666666666,주말
미암사,126.767958130516,36.2796926564635,nan nan,0.3333333333333333,주말
미우한우,126.860755495271,36.2719718244715,nan nan,0.3333333333333333,주말
민속떡집,126.908806699994,36.28113771411,nan nan,0.16666666666666666,주말
밀라에스테틱,127.076529709798,37.5085768965967,nan nan,0.16666666666666666,주말
바이더폰드,126.90753808416912,36.27514583514203,nan nan,0.3333333333333333,주말
바이콩즈,127.256132030461,36.3654903509331,nan nan,0.16666666666666666,주말
바티안,127.152549715578,36.4197018729108,nan nan,0.16666666666666666,주말
반산교회,126.867615986627,36.2731106216442,nan nan,0.3333333333333333,주말
반월소바,127.08248554184706,36.20293903784072,nan nan,0.5,주말
배꼽,126.91876718225149,36.28327817881704,nan nan,1.6666666666666667,주말
배스킨라빈스/충남부여점,126.91028782225936,36.28106989665089,nan nan,0.8333333333333334,주말
백강막국수,126.893224740057,36.282581907243,nan nan,1.0,주말
백능사,127.426636403736,36.3122591863503,nan nan,0.16666666666666666,주말
백마가든,126.78590908935293,36.35072972520027,nan nan,2.5,주말
백마강레저파크,126.915861449277,36.302135361596,nan nan,0.5,주말
백마강코스모스단지,126.90170146057112,36.28429255875426,nan nan,1.6666666666666667,주말
백마강테마파크,126.900946390682,36.2690279384227,nan nan,2.8333333333333335,주말
백마약국,126.911009522649,36.2805013058892,nan nan,0.16666666666666666,주말
백일헌종택,127.15143654063824,36.27914622605157,nan nan,0.16666666666666666,주말
백제가든/[한식],126.945497758304,36.2956084933342,nan nan,0.16666666666666666,주말
백제고을누룽지백숙,126.9164903649862,36.27806804716005,nan nan,0.16666666666666666,주말
백제문화단지,126.906695559534,36.3066347977416,nan nan,6.833333333333333,주말
백제보인증센터,126.942331187389,36.3173004488349,nan nan,0.16666666666666666,주말
백제안경원,126.910795952871,36.2803821895394,nan nan,0.16666666666666666,주말
백제역사문화관,126.90533458037729,36.305357157931645,nan nan,1.3333333333333333,주말
백제왕릉원,126.943914712049,36.2784993219591,nan nan,0.3333333333333333,주말
백제종합병원,127.094263131618,36.1925872279696,nan nan,0.3333333333333333,주말
백제해장국,126.894918877584,36.3009687109232,nan nan,1.3333333333333333,주말
백제향,126.91241753916772,36.27536061445235,nan nan,1.3333333333333333,주말
버거애,127.123089899059,36.827086739074,nan nan,0.16666666666666666,주말
버거킹/논산건양대점,127.10957252237144,36.17971940193442,nan nan,0.16666666666666666,주말
별삼부대찌개/부여점,126.87742993130584,36.2741164021833,nan nan,0.16666666666666666,주말
병천순대거리,127.29791431805428,36.75999144715513,nan nan,0.16666666666666666,주말
보드람치킨/불당점,127.10979127435368,36.81132584181277,nan nan,0.16666666666666666,주말
보령석탄박물관,126.652700836428,36.326113013872,nan nan,0.5,주말
보령시보건소,126.60206155959024,36.32431861038597,nan nan,0.16666666666666666,주말
보현닭발,127.422085226058,36.7171822444648,nan nan,0.16666666666666666,주말
복마트,126.880920356664,36.2733884415773,nan nan,2.5,주말
본병원,127.115521626099,35.8251652066992,nan nan,0.16666666666666666,주말
본죽/대림점,126.9080980945132,37.49047373862713,nan nan,0.16666666666666666,주말
부강쌀상회,126.907529051652,36.2792768078294,nan nan,0.16666666666666666,주말
부소산,126.91469499220077,36.28972010273275,nan nan,0.16666666666666666,주말
부소산칼국수,126.912403583183,36.2840169796455,nan nan,0.16666666666666666,주말
부여5일장,126.90502927795,36.2788046254537,nan nan,0.3333333333333333,주말
부여가림성공용주차장,126.89875277966,36.193480970403,nan nan,0.3333333333333333,주말
부여공영주차타워,126.91165799136807,36.27958269873474,nan nan,0.5,주말
부여관광,126.9142598041895,36.283416454828256,nan nan,3.3333333333333335,주말
부여관북리백제유적,126.912778540428,36.284498464587,nan nan,1.0,주말
부여국민체육센터,126.862949688741,36.2785821947383,nan nan,0.3333333333333333,주말
부여군보건소,126.9093857,36.2829795,nan nan,1.6666666666666667,주말
부여군유스호스텔,126.9171393084648,36.27924908682344,nan nan,0.16666666666666666,주말
부여군청소년수련원,126.8250741,36.1459376,nan nan,1.0,주말
부여금사리성당,126.798205689793,36.2496962395036,nan nan,0.3333333333333333,주말
부여기와마을,126.937331745318,36.3040797047685,nan nan,0.5,주말
부여나성,126.94054265276932,36.27822880714006,nan nan,0.3333333333333333,주말
부여도서관,126.91591715684092,36.28372079290863,nan nan,0.5,주말
부여돈까스,126.91240668244104,36.280539158626624,nan nan,1.1666666666666667,주말
부여땅자연미술학교,126.822036547698,36.2921082052865,nan nan,0.16666666666666666,주말
부여문화유산미디어아트,126.912806315736,36.284498464742,nan nan,4.5,주말
부여문화재야행,126.91480618660458,36.278776905357205,nan nan,1.6666666666666667,주말
부여백제휴게소/공주방향,126.79984436124052,36.25827860421992,nan nan,0.3333333333333333,주말
부여생활사박물관,126.91696124065358,36.30653012931125,nan nan,0.3333333333333333,주말
부여서울농장,126.90116312161422,36.24628590420167,nan nan,0.5,주말
부여성당,126.909751094239,36.2771659495252,nan nan,0.5,주말
부여성흥산성,126.89636406134,36.1984248391032,nan nan,2.0,주말
부여소문난칼국수,126.91249913577036,36.2745970312666,nan nan,1.3333333333333333,주말
부여시장,126.90736237784284,36.28185984602662,nan nan,0.5,주말
부여아름별펜션,126.89497438401,36.306162563902,nan nan,0.16666666666666666,주말
부여안방마님펜션,126.8484152563036,36.265397900231775,nan nan,0.16666666666666666,주말
부여와한옥,126.927050382342,36.291691433827,nan nan,0.16666666666666666,주말
부여요양병원,126.987327070685,36.330604742245,nan nan,0.16666666666666666,주말
부여전통한옥펜션,126.93309300122696,36.30633897798154,nan nan,1.8333333333333333,주말
부여정림사지,126.913250761082,36.2797490081823,nan nan,1.1666666666666667,주말
부여중앙시장,126.9120530210438,36.28191823435287,nan nan,7.166666666666667,주말
부여청담병원,126.97838343730452,36.328799341818446,nan nan,0.16666666666666666,주말
부여칼국수,126.9120952130528,36.28284677675569,nan nan,0.5,주말
부여할매순대,126.907890132781,36.2790268383134,nan nan,0.16666666666666666,주말
부여해장국,126.895025072532,36.3012481433824,nan nan,0.16666666666666666,주말
부처리호수,127.5252091034459,34.96331296138259,nan nan,0.16666666666666666,주말
비비비,126.94529760862572,36.29531312091584,nan nan,1.8333333333333333,주말
비인해수욕장,126.591150357989,36.1284814579462,nan nan,0.5,주말
비탈리테쥬얼리,127.1230679471666,35.96188262045813,nan nan,0.16666666666666666,주말
빅스타피자/논산점,127.087912932493,36.2009191832773,nan nan,0.16666666666666666,주말
빽다방/충남부여점,126.91243816334878,36.28091524356349,nan nan,2.0,주말
빽보이피자/공주대점,127.13788686169843,36.47253882721467,nan nan,0.16666666666666666,주말
뺑덕산더미오리,127.486869940291,36.6060668598019,nan nan,0.16666666666666666,주말
사또국밥,126.916139394537,36.2795823766153,nan nan,0.8333333333333334,주말
사랑나무,126.89964155499108,36.19759161871384,nan nan,9.5,주말
사랑나무소희네/[한식],126.8932777,36.1629245,nan nan,0.16666666666666666,주말
사바랭,126.9138967465866,36.272702909203645,nan nan,0.8333333333333334,주말
사비그리고달,126.90258444704664,36.270167353362,nan nan,0.3333333333333333,주말
사비도성/가상체험관,126.912306352629,36.2853872496046,nan nan,1.3333333333333333,주말
사비면옥,126.912973042496,36.2756939129247,nan nan,0.3333333333333333,주말
사비향,126.913028616258,36.272972001006,nan nan,2.1666666666666665,주말
살살쪼개,127.082519185675,35.9172499669834,nan nan,0.16666666666666666,주말
삼성전자서비스/연수휴대폰센터,126.68920650532117,37.41284087700214,nan nan,0.16666666666666666,주말
삼오식당,126.990105516142,36.2242002064933,nan nan,0.3333333333333333,주말
삼정식당,126.9195557254954,36.28333196862744,nan nan,2.0,주말
삽티성지,126.74501281369,36.2562512505322,nan nan,0.16666666666666666,주말
상운반점/[중식],126.911028754395,36.2776381250945,nan nan,0.3333333333333333,주말
서동공원,126.911584313687,36.2713888399188,nan nan,0.5,주말
서동사우나,126.8788971,36.2752551,nan nan,0.16666666666666666,주말
서동요출렁다리,126.826176322201,36.1419864296564,nan nan,0.16666666666666666,주말
서동한우/본점,126.915444982045,36.283081974145,nan nan,8.333333333333334,주말
서동한우정육점,126.8610780690494,36.27930651019286,nan nan,0.16666666666666666,주말
서머셋팰리스/서울,126.98108380175456,37.57494708967333,nan nan,0.16666666666666666,주말
서울시서천연수원,126.55732694145853,36.13306192699409,nan nan,0.16666666666666666,주말
서천하늘아래펜션,126.61210244756144,36.0978496050851,nan nan,0.16666666666666666,주말
서해병원,126.687581148555,36.0844933515139,nan nan,0.16666666666666666,주말
석성향교,126.9903708271268,36.22793528872418,nan nan,0.16666666666666666,주말
석촌해물칼국수,126.922083277814,36.2834153065906,nan nan,0.16666666666666666,주말
선달,127.13001565991,36.1261238123952,nan nan,0.16666666666666666,주말
선운산호텔,126.58503417421896,35.50365353953904,nan nan,0.16666666666666666,주말
설빙/세종해밀점,127.2645429007577,36.52858441165745,nan nan,0.16666666666666666,주말
성심당/대전역점,127.43412420320358,36.332261797775686,nan nan,0.16666666666666666,주말
성심당/본점,127.42727719121108,36.32765802936324,nan nan,0.3333333333333333,주말
세라젬웰카페/대전유성직영점,127.3433347434213,36.35765395892149,nan nan,0.16666666666666666,주말
세븐일레븐/부여롯데아울렛점,126.902112628434,36.307273588254,nan nan,0.16666666666666666,주말
세븐일레븐/부여리조트점,126.900557239391,36.3039684006024,nan nan,0.3333333333333333,주말
세븐일레븐/홍성내포중앙점,126.676087529793,36.647720151485,nan nan,0.16666666666666666,주말
세종로공영주차장,126.975960712387,37.5734784371479,nan nan,0.16666666666666666,주말
세종속편한내과의원,127.248932669119,36.51140960052528,nan nan,0.16666666666666666,주말
세종해밀요양원,127.264911891588,36.4546689167477,nan nan,0.16666666666666666,주말
세종호수공원,127.2733013064574,36.498069637849945,nan nan,0.3333333333333333,주말
송강프라자,127.386469489919,36.4359499618328,nan nan,0.16666666666666666,주말
송광사,127.2761303580498,35.00218023003931,nan nan,0.16666666666666666,주말
송도주막,126.657472005106,37.4138524333856,nan nan,0.16666666666666666,주말
솥뚜껑매운탕,127.04731352342144,36.47927770254487,nan nan,0.3333333333333333,주말
수리바위계곡,126.696681843888,36.2930006783402,nan nan,0.16666666666666666,주말
수월옥,126.888558575027,36.2723608232733,nan nan,0.5,주말
순영이네분식,126.90950595181248,36.2805140510261,nan nan,0.16666666666666666,주말
스타박스,126.913667418822,36.2764438313894,nan nan,0.5,주말
스타벅스/공주DT점,127.14293790216648,36.46821451636051,nan nan,0.16666666666666666,주말
스타벅스/논산내동DT점,127.0997821803234,36.18211615828151,nan nan,0.6666666666666666,주말
스타벅스/논산중앙점,127.089901420383,36.2012457441743,nan nan,0.3333333333333333,주말
스타벅스/대전관저점,127.338057467418,36.2987075311215,nan nan,0.16666666666666666,주말
스타벅스/세종청사점,127.270225259991,36.504512694471,nan nan,0.16666666666666666,주말
스타벅스/평택청북DT점,126.91495498944454,37.02016314900624,nan nan,0.16666666666666666,주말
스타펠리스,126.90902890576454,36.28074887074937,nan nan,0.5,주말
스타필드/안성,127.14709467672208,36.99502539359405,nan nan,0.16666666666666666,주말
스핀당구장,126.907001330953,36.2780824964715,nan nan,0.16666666666666666,주말
시골뚜부,126.89502331118632,36.3015433731007,nan nan,0.6666666666666666,주말
시골막국수,126.848117388006,36.3125226897014,nan nan,1.6666666666666667,주말
시골아낙,126.913584124313,36.2727498071868,nan nan,0.5,주말
시골통닭,126.91161387734525,36.28202002972837,nan nan,12.5,주말
시즌파이브프리미엄/본점,127.24258602369,36.5113342722545,nan nan,0.16666666666666666,주말
신도안오리,127.252347877553,36.2742446226206,nan nan,0.16666666666666666,주말
신동엽문학관,126.909334460368,36.2776658902617,nan nan,1.5,주말
신리교회,126.896307645774,36.300635423305,nan nan,0.16666666666666666,주말
신성리갈대밭,126.8628985912224,36.06768812169105,nan nan,1.6666666666666667,주말
신세계백화점/천안아산점,127.15606633618994,36.81948953261511,nan nan,0.16666666666666666,주말
신창집,126.741218445341,36.6865793886186,nan nan,0.16666666666666666,주말
신천중부교회,126.788917736959,37.4318669612902,nan nan,0.16666666666666666,주말
신포우리만두/부여점,126.9110088,36.2813071,nan nan,0.16666666666666666,주말
싱그린골프클럽,127.42449071020684,36.38470317355412,nan nan,0.16666666666666666,주말
쌍도하우스,126.5904385237031,36.13078611657263,nan nan,0.16666666666666666,주말
아디다스/대전도마점,127.3820783055322,36.314187931445,nan nan,0.16666666666666666,주말
아리랑모텔,126.9117786784993,36.27872133923864,nan nan,0.8333333333333334,주말
아산스파비스,126.980596363598,36.8560743845979,nan nan,0.16666666666666666,주말
아산한우골목,126.972523607923,36.8160059578062,nan nan,0.16666666666666666,주말
아우내장터,127.298449529033,36.7611174011378,nan nan,0.16666666666666666,주말
아인스베이커리카페,127.0188715950858,35.96892072900858,nan nan,0.16666666666666666,주말
아줌마돈까스/가양점,127.44100769208576,36.34911919762543,nan nan,0.16666666666666666,주말
안면도아구꽃게찜,126.911862001588,36.279054635076,nan nan,0.16666666666666666,주말
알바노,127.178893878967,36.1697586678031,nan nan,0.16666666666666666,주말
암수리마을회관,126.870955141417,36.1221090508525,nan nan,0.16666666666666666,주말
앗빙수,127.25027797816,36.4857797122588,nan nan,0.16666666666666666,주말
앳267,126.91077782986925,36.27236121796719,nan nan,2.0,주말
야미도선착장,126.4890945173668,35.84084042565436,nan nan,0.16666666666666666,주말
어가/직영2호점,127.050692244144,37.3338077200282,nan nan,0.16666666666666666,주말
어가명가/왕촌점,127.164778969001,36.4490564620025,nan nan,0.5,주말
억새정원,126.9043667119958,36.26497657066293,nan nan,0.3333333333333333,주말
엑스포코아,127.405871299449,36.4001057653811,nan nan,0.3333333333333333,주말
엔터식스/안양역점,126.9225502230246,37.40169095432366,nan nan,0.16666666666666666,주말
역전할머니맥주/충남부여점,126.911076330038,36.2804797269967,nan nan,0.16666666666666666,주말
연꽃이야기,126.9065461,36.268563,nan nan,4.166666666666667,주말
연미산자연미술공원,127.10260476268768,36.47355484061,nan nan,0.16666666666666666,주말
연산시장도토리묵,127.216092141083,36.2160335521404,nan nan,0.16666666666666666,주말
연잎담,126.9012143,36.2748273,nan nan,0.16666666666666666,주말
영통공영주차장,127.074205609729,37.2531957057784,nan nan,0.16666666666666666,주말
예당저수지,126.80802160005004,36.59739611328235,nan nan,0.3333333333333333,주말
예산상설시장,126.84974907731583,36.67670107488237,nan nan,1.0,주말
옛날통닭,126.91100096822096,36.27891575720173,nan nan,1.8333333333333333,주말
오늘도달콤하게,127.090480056702,36.2016238134502,nan nan,0.16666666666666666,주말
오복미역/서산점,126.47305147381162,36.77009284159143,nan nan,0.16666666666666666,주말
오송호수공원,127.323198571632,36.6312908315908,nan nan,0.16666666666666666,주말
오정농수산물도매시장,127.405863775605,36.357476851690535,nan nan,0.16666666666666666,주말
오케이한방병원,127.255844511845,36.4939396001487,nan nan,0.16666666666666666,주말
옥산저수지,126.72871230799144,36.19678522021271,nan nan,0.5,주말
온빛자연휴양림,127.25153584425472,36.20666662958455,nan nan,0.16666666666666666,주말
온양온천시장,127.00423240627482,36.783292352324985,nan nan,0.16666666666666666,주말
온해교회,126.750154001037,36.2987181685085,nan nan,0.16666666666666666,주말
올리브영/대전관저점,127.34017640262074,36.29878172657736,nan nan,0.16666666666666666,주말
올리브영/아산탕정점,127.08591862519452,36.78740923089709,nan nan,0.16666666666666666,주말
올리브영/청주율량점,127.49589741401084,36.67233639309172,nan nan,0.16666666666666666,주말
올리브영/충남부여점,126.910251015061,36.2812488206219,nan nan,1.0,주말
왕곰탕,126.91191752361206,36.28241536371704,nan nan,3.3333333333333335,주말
외길한우,126.749402988467,37.5076826413121,nan nan,0.16666666666666666,주말
용궁잔치,127.07732105441706,37.25307207146059,nan nan,0.16666666666666666,주말
우격,127.105611766621,36.8101644907408,nan nan,0.16666666666666666,주말
우렁이박사,126.8028232527462,36.87993128030061,nan nan,0.16666666666666666,주말
우츠,127.37221197314452,36.35270565730982,nan nan,0.16666666666666666,주말
운여해변,126.355325069017,36.4319476059795,nan nan,0.16666666666666666,주말
원산도,126.423560844165,36.3710213186652,nan nan,0.16666666666666666,주말
원조능수할머니호두과자,127.16494891763,36.8263800323277,nan nan,0.16666666666666666,주말
원조진안흑돼지,127.17238469075184,35.83172315635612,nan nan,0.16666666666666666,주말
원할머니보쌈족발/충남부여점,126.91125090487807,36.28374854147996,nan nan,0.5,주말
월함지한옥,126.923999707039,36.291275533116,nan nan,0.16666666666666666,주말
웨스턴라이프호텔,126.97598541619352,35.9503452570003,nan nan,0.16666666666666666,주말
유성골프사우나,126.94120172640984,37.19699428315665,nan nan,0.16666666666666666,주말
유성온천불가마사우나,127.345047029791,36.35661087297538,nan nan,0.16666666666666666,주말
유진짬뽕앤돈까스,127.102244162465,36.1296438409055,nan nan,0.3333333333333333,주말
육군부사관학교,127.06592087151984,36.06217883801639,nan nan,0.16666666666666666,주말
윤가네바지락칼국수/부여점,126.92363074620351,36.28235424862055,nan nan,0.16666666666666666,주말
윤가네해물탕,126.59637663394092,36.34433450776882,nan nan,0.16666666666666666,주말
율가가,126.908945536368,36.285859399292,nan nan,0.16666666666666666,주말
율두스,127.088874322586,36.195627507147,nan nan,0.16666666666666666,주말
은산국수,126.852333421057,36.3092019726927,nan nan,0.3333333333333333,주말
의정부부대찌개거리,127.049573357254,37.7447254723832,nan nan,0.16666666666666666,주말
이디야커피/부여중앙점,126.910778727008,36.2834707927038,nan nan,0.6666666666666666,주말
이마트/광명소하점,126.884658230332,37.4466568636717,nan nan,0.16666666666666666,주말
이마트/군산점,126.73500861752936,35.98284660385269,nan nan,1.0,주말
이마트/대전터미널점,127.4365771477804,36.34969869974715,nan nan,0.16666666666666666,주말
이마트/둔산점,127.378704546411,36.3563404204779,nan nan,0.16666666666666666,주말
이마트/목포점,126.425216690206,34.8116126142793,nan nan,0.16666666666666666,주말
이마트/세종점,127.25104718198362,36.47099638527813,nan nan,2.0,주말
이마트/에코시티점,127.1237698887063,35.87241344634771,nan nan,0.16666666666666666,주말
이마트/천안서북점,127.122202265722,36.8384452103302,nan nan,0.16666666666666666,주말
이마트/천안점,127.12699660303583,36.796068212457484,nan nan,0.16666666666666666,주말
이마트24/공주탄천산단점,127.06296896227202,36.301840888110114,nan nan,0.16666666666666666,주말
이마트24/부여궁남지점,126.910723259774,36.2736663535181,nan nan,0.16666666666666666,주말
이선생도시어장,127.13064407840876,36.77186753367959,nan nan,0.16666666666666666,주말
이성당/본점,126.71126336899457,35.987200639723106,nan nan,0.3333333333333333,주말
이수기전,126.983431463328,35.94059237387377,nan nan,0.16666666666666666,주말
이시스골프/목동지점,126.863390585912,37.5257606796162,nan nan,0.16666666666666666,주말
이안힐링랜드,126.67861609674624,36.34734517983395,nan nan,0.16666666666666666,주말
이응다리,127.287081690703,36.4818434935532,nan nan,0.16666666666666666,주말
익산보석박물관,127.102618898549,35.9905810091192,nan nan,0.16666666666666666,주말
익산서동축제,127.05860050149,36.0005638168533,nan nan,0.16666666666666666,주말
자담치킨/부여점,126.91075678872204,36.27367359042033,nan nan,0.16666666666666666,주말
자연드림/세종고운점,127.234488243492,36.5165700383289,nan nan,0.16666666666666666,주말
자온양조장,126.88620525277469,36.27382464896502,nan nan,0.16666666666666666,주말
작천계곡,126.864565859813,36.3953800666753,nan nan,0.16666666666666666,주말
잠비,126.695964245291,36.3151604432196,nan nan,0.16666666666666666,주말
장고항,126.559905728477,37.0312429033031,nan nan,0.16666666666666666,주말
장곡사,126.85947005977457,36.41736997746349,nan nan,0.16666666666666666,주말
장미슈퍼,126.90933447241,36.276249384926,nan nan,0.16666666666666666,주말
장원막국수,126.90872330601528,36.289136802505,nan nan,22.833333333333332,주말
장항다해묵은지,126.68709450722552,36.01223027309502,nan nan,0.16666666666666666,주말
장항송림산림욕장,126.66487547068036,36.02127263709935,nan nan,0.3333333333333333,주말
재즈어라운드호텔,127.173435695959,35.8315377877263,nan nan,0.16666666666666666,주말
전동성당,127.149221479663,35.8133287976839,nan nan,0.16666666666666666,주말
전주월드컵경기장,127.0644897597678,35.86812937397659,nan nan,0.3333333333333333,주말
전주한옥마을,127.152557091072,35.8148243087693,nan nan,0.16666666666666666,주말
전통명가,126.895002174916,36.30432943959,nan nan,1.3333333333333333,주말
정림사지,126.91408402670416,36.27899909824307,nan nan,8.666666666666666,주말
정림사지5층석탑,126.91333409078736,36.27930461481729,nan nan,20.5,주말
정림사지박물관,126.915861649966,36.278582488946,nan nan,2.0,주말
정읍쌍화차거리,126.857056263411,35.5671501469752,nan nan,0.16666666666666666,주말
제로투엔건축사사무소종합건설,127.03127209233696,37.50674327998472,nan nan,0.16666666666666666,주말
제주은희네해장국/천안쌍용점,127.126495041993,36.7983593751521,nan nan,0.16666666666666666,주말
조선대학교병원,126.926529827479,35.1389579044769,nan nan,0.16666666666666666,주말
조선왕갈비,126.9104786,36.2844404,nan nan,0.6666666666666666,주말
종촌동공영주차장,127.249773364236,36.5037930867508,nan nan,0.16666666666666666,주말
주봉마을우렁촌,127.087022002175,36.4001112520815,nan nan,0.3333333333333333,주말
주술,127.49476897240996,36.66556554306266,nan nan,0.16666666666666666,주말
죽도시장,129.36839001006632,36.03635459216977,nan nan,0.16666666666666666,주말
중묵리마을회관,126.79397078697885,36.48986906533714,nan nan,0.16666666666666666,주말
지단애,126.70318591823,36.3038284412603,nan nan,0.3333333333333333,주말
지중해마을,127.06164409380338,36.796950862892,nan nan,0.16666666666666666,주말
지코바/논산2호점,127.08764082856,36.2101801394839,nan nan,0.16666666666666666,주말
지토4리다목적마을회관,126.904061726053,36.2059741742274,nan nan,0.16666666666666666,주말
찌개공방/세종점,127.25812980330323,36.485726938824335,nan nan,0.16666666666666666,주말
차부약국,126.909778838134,36.2808599733886,nan nan,0.16666666666666666,주말
책방세간,126.88880854103,36.2737495553794,nan nan,1.1666666666666667,주말
천안종합운동장,127.115074152739,36.8187937524983,nan nan,0.16666666666666666,주말
천안중앙시장,127.14979679382346,36.80292617869681,nan nan,0.16666666666666666,주말
천안축구센터,127.147526196561,36.8226074572909,nan nan,0.16666666666666666,주말
청년다방/공주중동점,127.12482091309997,36.45585645875378,nan nan,0.16666666666666666,주말
청벽가든,127.212847955331,36.4334551536106,nan nan,0.16666666666666666,주말
청양고추구기자축제,126.80285710364,36.4447466932239,nan nan,0.3333333333333333,주말
청양고추냉면/본점,126.83031403888666,36.50694914668479,nan nan,0.16666666666666666,주말
청양군보건의료원,126.80453495281844,36.45529577804989,nan nan,0.16666666666666666,주말
청양시장,126.80184764301788,36.45046201026501,nan nan,0.16666666666666666,주말
청천도서관,126.71437017606252,37.50585247765612,nan nan,0.16666666666666666,주말
청포대썬셋,126.3069829714246,36.641047018064256,nan nan,0.16666666666666666,주말
최선장생선구이,127.134331589644,37.5254542488334,nan nan,0.16666666666666666,주말
춘장대해수욕장,126.52271060325948,36.16335176445686,nan nan,0.6666666666666666,주말
충남대학교/대덕캠퍼스,127.34687598476852,36.36881378319206,nan nan,0.3333333333333333,주말
충남도립대학교,126.80150271808252,36.436983610426,nan nan,1.1666666666666667,주말
충청남도농업기술원/과채연구소,126.84311272683009,36.25867763044283,nan nan,0.3333333333333333,주말
칠갑산맛집,126.8520005586271,36.41038679544534,nan nan,0.16666666666666666,주말
칠갑산오토캠핑장,126.863737002418,36.3951123766325,nan nan,0.3333333333333333,주말
칠갑산자연휴양림,126.84381155607257,36.431584483179314,nan nan,0.3333333333333333,주말
칠산떡방앗간,126.908474520703,36.1480139735378,nan nan,0.16666666666666666,주말
칠지공원,126.89900193868051,36.29027550746512,nan nan,1.3333333333333333,주말
카라반파크,126.9297288874018,36.276028539948,nan nan,0.16666666666666666,주말
카페부여유,126.909695474877,36.285248361966,nan nan,0.6666666666666666,주말
카페아바바,126.86311435134246,36.2716811707685,nan nan,1.0,주말
카페안낙,126.974629935798,36.7637237732119,nan nan,0.16666666666666666,주말
카페온휴,126.90417461688672,36.27236479411397,nan nan,0.5,주말
카페피니얼,127.178864210806,36.1821358742566,nan nan,0.16666666666666666,주말
카페해피어,127.112574848295,36.1850445449144,nan nan,0.16666666666666666,주말
커피인정동,126.911599002133,36.2759525283881,nan nan,0.3333333333333333,주말
컴포즈커피/세종새롬점,127.25080264379038,36.48513608503521,nan nan,0.16666666666666666,주말
코스모스기념품,126.912799653427,36.2841902977148,nan nan,0.16666666666666666,주말
코우코우,126.89480065849811,36.190175596133926,nan nan,1.6666666666666667,주말
콜드쓰리,127.339952442557,36.3710271398648,nan nan,0.16666666666666666,주말
콩뿌리콩나물국밥/시청점,126.738815137776,35.9697708292035,nan nan,0.16666666666666666,주말
크로엔젤/보령동대점,126.6262567070514,36.348400469786085,nan nan,0.16666666666666666,주말
킴앤초이스,126.942759200648,36.1706464576204,nan nan,0.16666666666666666,주말
타미띠에,126.528472626759,36.3280774171414,nan nan,0.16666666666666666,주말
탐앤탐스/서천점,126.6910344454248,36.083838107033536,nan nan,0.16666666666666666,주말
탑텐/세종파이낸스점,127.2599391599774,36.497525461883214,nan nan,0.16666666666666666,주말
탕정보건지소,127.06099984408996,36.79839387695645,nan nan,0.16666666666666666,주말
태능초가집갈비,127.0892589559868,36.2004675854676,nan nan,0.16666666666666666,주말
태평족발,127.39580465010484,36.32563781073411,nan nan,0.16666666666666666,주말
털보네식당,126.92386089350336,36.28388748496796,nan nan,0.3333333333333333,주말
테하스랜드,127.10724131465318,36.14126511758504,nan nan,0.16666666666666666,주말
토종고기마을,126.91069548966,36.2730553118424,nan nan,0.3333333333333333,주말
투썸플레이스/군산수송점,126.71525862948282,35.96130871801908,nan nan,0.16666666666666666,주말
투썸플레이스/부여궁남점,126.91072326732848,36.2727775658512,nan nan,0.3333333333333333,주말
트리제이더테라스/청주산남점,127.47109944444747,36.60757205868136,nan nan,0.16666666666666666,주말
파리바게뜨/부여쌍북점,126.92233325535,36.283443082602,nan nan,1.0,주말
파리바게뜨/충남부여점,126.910778749692,36.2808044297369,nan nan,1.5,주말
파스쿠찌/충남부여점,126.910739382975,36.282165604389,nan nan,0.16666666666666666,주말
파인트리몰,127.12091086902814,35.86735131758981,nan nan,0.16666666666666666,주말
파크아트빌라스,126.8972412322687,36.31636128839172,nan nan,2.8333333333333335,주말
판앤팜치유정원,126.7223796403238,36.18428660898202,nan nan,0.3333333333333333,주말
포토이즘박스/부여중앙점,126.91103112087,36.2810852937989,nan nan,0.16666666666666666,주말
폰타나리조트,126.356051378831,36.7757202638377,nan nan,0.16666666666666666,주말
프린스모텔,126.913667364465,36.2828319926949,nan nan,0.3333333333333333,주말
피자스쿨/논산점,127.08882915055553,36.19993078806356,nan nan,0.16666666666666666,주말
피크장모텔,126.91160332206778,36.277234264649394,nan nan,0.3333333333333333,주말
하기동성당,127.32345704421276,36.38745625037848,nan nan,0.16666666666666666,주말
하나로마트/구룡농협외산점,126.70487161365357,36.30194905479934,nan nan,0.6666666666666666,주말
하나로마트/대전충남우유농협,126.91027160360824,36.27873268014483,nan nan,0.8333333333333334,주말
하나로마트/대천농협해수욕장점,126.512008052162,36.3144107893223,nan nan,0.16666666666666666,주말
하나로마트/부여농협로컬푸드직매장,126.9309789,36.2847959,nan nan,2.5,주말
하나로마트/부여축협본점,126.90900111675556,36.28235979822048,nan nan,0.8333333333333334,주말
하나로마트/세도농협양화점,126.880002250956,36.1362530906434,nan nan,0.16666666666666666,주말
하나로마트/정산농협목면점,127.00776207202624,36.42305499231751,nan nan,0.16666666666666666,주말
하나로마트/정읍농협본점,126.84290538460584,35.57411578862598,nan nan,0.16666666666666666,주말
하나로마트/홍성축협,126.654818773782,36.5944988503313,nan nan,0.16666666666666666,주말
하림지주/본사,126.96012627270878,35.937434347224865,nan nan,0.16666666666666666,주말
한국과학기술연구원/전북분원복합소재기술연구소,127.156538638858,35.9624186198151,nan nan,0.16666666666666666,주말
한국소정육점,126.689007695973,36.0752289395309,nan nan,0.16666666666666666,주말
한국전통문화대학교,126.897307492293,36.3082178982834,nan nan,5.166666666666667,주말
한국전통문화전당,127.149001837187,35.8213214463828,nan nan,0.16666666666666666,주말
한남대학교,127.42230828648236,36.35229759598623,nan nan,0.16666666666666666,주말
한마음선원/안양본원,126.908524622162,37.4216114829654,nan nan,0.16666666666666666,주말
한미르대덕CC,127.40272684731389,36.41872817801579,nan nan,0.16666666666666666,주말
한산섬식당,128.43123199891,34.8432407193522,nan nan,0.16666666666666666,주말
한산정미소,126.81702537164,36.0847789115921,nan nan,0.16666666666666666,주말
한살림/부여매장,126.9245968480952,36.28361795147856,nan nan,0.3333333333333333,주말
한상바오와갈비/신시가지점,127.10431458157396,35.819289325924174,nan nan,0.16666666666666666,주말
한양고깃집/반석점,127.30906404033472,36.39068180039525,nan nan,0.16666666666666666,주말
한오백년추어탕,126.90730999094212,36.27894985375036,nan nan,0.16666666666666666,주말
한우네곱창,126.698206550233,35.9686950283018,nan nan,0.16666666666666666,주말
한화리조트/대천파로스,126.520038225685,36.3050494257015,nan nan,0.8333333333333334,주말
할매순대,126.75734170537694,36.21390221511559,nan nan,0.16666666666666666,주말
함라산황토가든,126.914813679491,36.0691782151707,nan nan,0.16666666666666666,주말
함양리마을회관,126.874519487876,36.3026594669721,nan nan,0.16666666666666666,주말
함흥냉면,126.911084257049,36.283276372109,nan nan,0.3333333333333333,주말
합덕수리민속박물관,126.7839137340635,36.79390591573387,nan nan,0.16666666666666666,주말
합송리 994,126.84703454087108,36.26633350194996,nan nan,1.8333333333333333,주말
합수리마을회관,126.811144102965,36.2964300599997,nan nan,0.16666666666666666,주말
항아리가든,127.1686558282,36.370450931757,nan nan,0.16666666666666666,주말
해물왕칼국수,126.8959315627955,37.5757091241792,nan nan,0.16666666666666666,주말
햇빛바다관광펜션,126.397634204145,36.3691127094828,nan nan,0.16666666666666666,주말
행복낙지/부여점,126.9091543354582,36.28017869067011,nan nan,0.16666666666666666,주말
현대가구씽크,126.907265439772,36.2803218276969,nan nan,0.16666666666666666,주말
현대백화점/충청점,127.426506441269,36.6448287847106,nan nan,0.16666666666666666,주말
현대프리미엄아울렛/대전점,127.39835611263848,36.423551448804446,nan nan,0.6666666666666666,주말
현암기사식당,127.42120127557604,36.338507227221,nan nan,0.16666666666666666,주말
현암리돌담집,126.80459784816968,36.27588299990434,nan nan,0.5,주말
호남제일문,127.070843245151,35.8694479340632,nan nan,0.16666666666666666,주말
호원대학교,126.86560703153368,35.966446961203914,nan nan,0.16666666666666666,주말
호텔727,126.81628068041188,37.30927238652468,nan nan,0.16666666666666666,주말
호텔뮤제오,127.428067505562,36.6254200431986,nan nan,0.16666666666666666,주말
호텔산토리니,127.721291474025,36.4838729551359,nan nan,0.16666666666666666,주말
호텔쏠레르,126.51214576425,36.3137543936943,nan nan,0.16666666666666666,주말
호텔칠갑산샬레,126.885176894812,36.4381946341939,nan nan,0.16666666666666666,주말
홈플러스/논산점,127.09812108943449,36.183675716100765,nan nan,0.6666666666666666,주말
홈플러스/보령점,126.61385172366,36.3439921299057,nan nan,0.3333333333333333,주말
홈플러스/전주점,127.15290534126213,35.8475503525316,nan nan,0.16666666666666666,주말
홍기와쭈꾸미/부여점,126.913250812348,36.2737219168399,nan nan,0.3333333333333333,주말
홍산백제국밥,126.759737198711,36.212366947489,nan nan,0.16666666666666666,주말
홍산전통시장,126.757737366423,36.2135890196941,nan nan,0.3333333333333333,주말
홍산종로약국,126.7599720346,36.2140161140885,nan nan,0.16666666666666666,주말
홍산흑염소,126.7604123158722,36.21333695068482,nan nan,0.16666666666666666,주말
홍성남당항대하축제,126.47209862056732,36.5395469221053,nan nan,0.16666666666666666,주말
홍성막국수,126.67976136973672,36.60334917708371,nan nan,0.16666666666666666,주말
홍원항,126.501739043113,36.1563036681086,nan nan,0.8333333333333334,주말
홍익돈까스/군산점,126.7218186226044,35.964266638899815,nan nan,0.16666666666666666,주말
화현관광농원,126.626660290985,36.3723621370586,nan nan,0.16666666666666666,주말
황궁/[중식],126.912695304058,36.273971885273,nan nan,0.16666666666666666,주말
황바우숯불갈비,127.289030393538,36.5953448238513,nan nan,0.16666666666666666,주말
황산벌한우마을,127.221916226045,36.2084960737417,nan nan,0.16666666666666666,주말
흥부약국,126.912250822344,36.282998632476,nan nan,0.8333333333333334,주말
희망갈비,127.094308122127,36.211559317059,nan nan,0.16666666666666666,주말
24시전주명가 콩나물국밥,126.910917657414,36.2771381814153,nan nan,3.0,평일
BBQ/충남부여점,126.92294297599292,36.284563147408605,nan nan,2.0,평일
CU/군산이편한점,126.73992149331586,35.98027712186703,nan nan,1.0,평일
CU/부여구룡점,126.81034745844926,36.24998248331761,nan nan,2.0,평일
CU/부여대박사비점,126.911007611516,36.2782627452196,nan nan,1.0,평일
CU/부여은산점,126.853450274285,36.3092730896185,nan nan,1.0,평일
G340,126.917194875157,36.2773604133498,nan nan,6.0,평일
GS25/논산내동점,127.100857832599,36.1852496502367,nan nan,1.0,평일
GS25/부여쌍북점,126.92396564494202,36.28255234422365,nan nan,1.0,평일
GS25/부여전통대점,126.89816350331633,36.30730683747535,nan nan,1.0,평일
KT&G세종타워,127.258850644949,36.501131550006,nan nan,1.0,평일
KT/부여지점,126.91238972795152,36.279582355692646,nan nan,2.0,평일
KT세종빌딩,127.284095046602,36.5940581461476,nan nan,1.0,평일
SBS프리즘타워,126.892781019504,37.5797103213346,nan nan,2.0,평일
S무인텔,126.89825179641667,36.31482826142988,nan nan,1.0,평일
가마솥보은순대,127.366754945161,36.3398104811004,nan nan,1.0,평일
가신2리마을회관,126.860294089681,36.1631959400242,nan nan,1.0,평일
가온길/왕송호수본점,126.941855605317,37.3047729895686,nan nan,1.0,평일
가온플랫폼,127.391224062952,36.4353297964845,nan nan,1.0,평일
가자한돈마을,126.907973453982,36.2795823310643,nan nan,1.0,평일
갑동숯불민물장어,127.28969146649406,36.36136921879326,nan nan,1.0,평일
강가모텔,126.88972511983388,36.27449947506016,nan nan,1.0,평일
갤러리아백화점/센터시티점,127.104711121408,36.8005612401544,nan nan,1.0,평일
건양대학교/창의융합캠퍼스,127.1102351886206,36.18219981371871,nan nan,2.0,평일
건양대학교병원,127.342630292942,36.3067114406784,nan nan,3.0,평일
건양대학교부여병원,126.90169626859868,36.27555497700856,nan nan,4.0,평일
경남도민의집,128.681778052998,35.2367184551008,nan nan,1.0,평일
계동치킨/둔산점,127.38723957160924,36.3502166207675,nan nan,1.0,평일
계룡스파텔,127.348321815294,36.3556938882431,nan nan,1.0,평일
고기명작/엑스포점,127.395370732237,36.376395190713,nan nan,1.0,평일
고든남글램핑&셀프바베큐,126.416201783098,36.7691309040914,nan nan,1.0,평일
고란사,126.91319510097888,36.29260865420433,nan nan,1.0,평일
고마루감자탕,126.9112509493,36.2785269139946,nan nan,2.0,평일
고박사냉면초계국수/논산본점,127.09655217194737,36.20875388914799,nan nan,1.0,평일
고운남측도서관,127.23523799664444,36.50460663797608,nan nan,1.0,평일
고향막창집,126.908806714402,36.2794434626384,nan nan,2.0,평일
골프존파크/부여W&C점,126.90818683674144,36.27971135434194,nan nan,1.0,평일
골프존파크/탕정지오점,127.08641232669332,36.78808020348215,nan nan,1.0,평일
곰소항수산물종합시장,126.608548843164,35.5867233879511,nan nan,1.0,평일
공주교육대학교,127.118878363705,36.4448034253364,nan nan,2.0,평일
공주시보건소,127.12065196028522,36.45712958482452,nan nan,1.0,평일
공주유스호스텔,127.046913201572,36.3332446780603,nan nan,1.0,평일
공주휴게소/당진방향,127.164924002687,36.498573264582,nan nan,1.0,평일
공차/부여점,126.910223241407,36.281054398167,nan nan,2.0,평일
구교정미소카페,126.906377916922,36.28284157908493,nan nan,3.0,평일
구드래돌쌈밥,126.909612148245,36.2853316853433,nan nan,6.0,평일
구드래선착장,126.907723387849,36.2899700353435,nan nan,82.0,평일
구드래조각공원,126.90711235636886,36.2869981482423,nan nan,5.0,평일
구드래황토정,126.885836540257,36.278804518645,nan nan,3.0,평일
국가기술표준원,127.5509020073,36.9147686020686,nan nan,1.0,평일
국군대전병원,127.34959298715276,36.39926543753199,nan nan,2.0,평일
국군복지단/대천콘도마트,126.52252955899765,36.301283463058425,nan nan,1.0,평일
국립부여문화재연구소,126.882725708623,36.278471205991,nan nan,1.0,평일
국립부여박물관사비마루,126.917056004762,36.2766382725973,nan nan,5.0,평일
국방대학교,127.21172028150052,36.1759504782945,nan nan,1.0,평일
군산수산물종합센터,126.7047420911207,35.993985460858376,nan nan,1.0,평일
군산월명종합경기장,126.74641705727,35.9639435200844,nan nan,1.0,평일
굿뜨래웰빙마을,126.93054964700777,36.27555797173818,nan nan,10.0,평일
궁남칼국수,126.912473091437,36.2751661924604,nan nan,5.0,평일
권인순갈비김치찌개,127.31675109157,36.3674898152384,nan nan,2.0,평일
규암보건지소,126.85688391592764,36.26901290531961,nan nan,14.0,평일
그린메이트,126.91233883163414,36.2772593766591,nan nan,1.0,평일
금강농원가든,126.86422253572104,36.13049371381416,nan nan,1.0,평일
금강수목원,127.235067729629,36.4364161578837,nan nan,1.0,평일
금강신관공원,127.131346266195,36.4673374877505,nan nan,1.0,평일
금강튀김,127.12363740715736,36.45795199608648,nan nan,1.0,평일
금산사,127.05389170269896,35.723172527709025,nan nan,1.0,평일
금성농자재,126.903918311875,36.2733607948414,nan nan,2.0,평일
기벌포횟집,126.699157359948,36.0067762596497,nan nan,1.0,평일
깨끗한나라/청주공장,127.34076822221544,36.59122779653899,nan nan,1.0,평일
나령식당,126.789789046133,36.3363252094465,nan nan,6.0,평일
나루무인텔,127.430283276663,36.4484451620266,nan nan,1.0,평일
나루터식당,126.909112189869,36.2856649779233,nan nan,2.0,평일
나이스시,127.107696003327,36.1804564889127,nan nan,1.0,평일
나이키/논산점,127.0870888173084,36.20256195795414,nan nan,1.0,평일
낙화암,126.91233406738984,36.29249755094072,nan nan,43.0,평일
난간몰,127.0817389180804,37.143738166487935,nan nan,1.0,평일
남부골프연습장,127.115076852568,37.261499484998,nan nan,1.0,평일
남일철물,126.912417475609,36.2828319857201,nan nan,3.0,평일
내뜨리네,126.8787042,36.2181329,nan nan,1.0,평일
내포그늘집스크린골프,126.67971222508652,36.65953656990575,nan nan,1.0,평일
넙딱집/논산취암점,127.09009908683,36.2010220971673,nan nan,1.0,평일
노브랜드/대전유성온천점,127.3468907080055,36.35179506053535,nan nan,1.0,평일
노브랜드버거/용인성복점,127.0795709978054,37.31418174512701,nan nan,1.0,평일
논산성결교회,127.0993628166128,36.18014196458181,nan nan,1.0,평일
높은댕이,126.95469124993244,36.31138452565372,nan nan,7.0,평일
다비치안경/홍성점,126.666496774226,36.6013086642344,nan nan,1.0,평일
다이소/공주점,127.1246086330692,36.45697772888538,nan nan,1.0,평일
다이소/부여규암점,126.861838738127,36.2712774651163,nan nan,9.0,평일
다이소/부여점,126.909695520005,36.2799434106522,nan nan,19.0,평일
달콤왕가탕후루/부여점,126.91080654886,36.277999193843,nan nan,2.0,평일
담소헌,126.891857670636,36.2826519834497,nan nan,1.0,평일
대가,126.924638607101,36.2833042224136,nan nan,2.0,평일
대동집/부여점,126.91103868086113,36.27834657914363,nan nan,1.0,평일
대문안집,126.912168540902,36.1594849117159,nan nan,1.0,평일
대신택배/부여영업소,126.905695878259,36.2796378675973,nan nan,1.0,평일
대운감자탕뼈해장국,126.95219398388052,36.354375235691286,nan nan,1.0,평일
대전국악방송,127.440611314314,36.313949572353,nan nan,1.0,평일
대전예술의전당,127.38371056711138,36.36661044047023,nan nan,1.0,평일
대전오월드,127.397754143625,36.2893534027601,nan nan,3.0,평일
대전월드컵경기장,127.32513866896132,36.365171091983576,nan nan,6.0,평일
대조사,126.90068143495546,36.19086377062155,nan nan,3.0,평일
더노은로,127.315248922793,36.363041084696,nan nan,1.0,평일
더리터/완주고산점,127.206999264063,35.9755038509718,nan nan,1.0,평일
도미노피자/하남미사점,127.18435819807198,37.553154639120045,nan nan,1.0,평일
독립로식당,126.896029898137,36.2999966056496,nan nan,7.0,평일
동남3리마을회관,126.915451644227,36.2733274380239,nan nan,1.0,평일
동대문엽기떡볶이/논산점,127.087033892018,36.2023653554231,nan nan,1.0,평일
동행복권판매점/돼지복권방,126.91030659355118,36.277971416440415,nan nan,2.0,평일
둔산성광교회,127.399219167069,36.3496410005524,nan nan,1.0,평일
딴펄시골마당,126.887003313162,36.2540017943101,nan nan,1.0,평일
뚜레쥬르/충남부여점,126.91241749097162,36.281026635792784,nan nan,3.0,평일
레이크힐제빵소,127.157640623324,36.1772000591549,nan nan,1.0,평일
롯데렌터카/익산KTX지점,126.94691095762258,35.93879551457651,nan nan,1.0,평일
롯데마트/첨단점,126.851926661573,35.2167957107721,nan nan,1.0,평일
롯데백화점/대전점,127.389624974978,36.340653703926,nan nan,2.0,평일
롯데스카이힐/부여컨트리클럽,126.90941756212476,36.30399622468398,nan nan,12.0,평일
롯데시네마/군산몰,126.73849255011,35.9761472649229,nan nan,2.0,평일
롯데아울렛/이시아폴리스점,128.63771129635438,35.92183348439652,nan nan,1.0,평일
롯데프리미엄아울렛/기흥점,127.12182287105342,37.22517252218746,nan nan,1.0,평일
롯데하이마트/정림점,127.370865124621,36.3092442191511,nan nan,1.0,평일
루디꼬,126.92311957711684,36.28341772596741,nan nan,9.0,평일
마장동김씨/관저점,127.336380635957,36.3007354183193,nan nan,1.0,평일
만남의광장식당,128.66232421757,35.2213060167055,nan nan,2.0,평일
맛소네,126.90810715064003,36.30506118624824,nan nan,1.0,평일
맥도날드/서울시청점,126.979367619692,37.5668369438027,nan nan,1.0,평일
메가박스/세종나성,127.26363077296222,36.48351969165692,nan nan,1.0,평일
메리봉봉/공산성점,127.12261502095,36.4647099748948,nan nan,1.0,평일
메인스테이,126.90949227311928,36.28546392597256,nan nan,1.0,평일
명륜진사갈비/천안 직산점,127.154194918582,36.8771590598944,nan nan,1.0,평일
명륜진사갈비/충남부여점,126.906529144107,36.2788601830411,nan nan,4.0,평일
명성모텔,126.90998223069649,36.28223195767046,nan nan,1.0,평일
명진모텔,126.919889029665,36.2832764212606,nan nan,2.0,평일
명품제주흑돼지/관저점,127.335506543733,36.3072038643576,nan nan,1.0,평일
무량사,126.693325574172,36.3172435246773,nan nan,14.0,평일
문스톤,126.91188977855,36.27886021293,nan nan,1.0,평일
미락원,126.906223695237,36.2695001362521,nan nan,9.0,평일
미르섬,127.128418890171,36.4674920688043,nan nan,4.0,평일
미미삼겹,127.34765699537007,36.3585183042777,nan nan,2.0,평일
미스터피자/부여점,126.9103220084112,36.28116857491096,nan nan,1.0,평일
미원광장,126.716541574759,35.9791976611669,nan nan,1.0,평일
민팃ATM/하이마트 논산점,127.089338581542,36.1991085114339,nan nan,1.0,평일
바닷물손두부,127.22211481239816,36.28264240060242,nan nan,1.0,평일
박찬호기념관,127.12668464509152,36.459002261397686,nan nan,1.0,평일
반산저수지,126.84756221252724,36.27336048220058,nan nan,2.0,평일
반석역프라자,127.313538536974,36.3921795997683,nan nan,1.0,평일
반월소바,127.08248554184706,36.20293903784072,nan nan,1.0,평일
배꼽,126.91876718225149,36.28327817881704,nan nan,5.0,평일
배스킨라빈스/동탄화남초교점,127.09601151044885,37.16450317264813,nan nan,1.0,평일
백마강레저파크,126.915861449277,36.302135361596,nan nan,1.0,평일
백마강물억새생태공원,126.904446122889,36.2639174287836,nan nan,4.0,평일
백마강식당,126.88719346122777,36.27707526299504,nan nan,1.0,평일
백마강테마파크전망대,126.90117323680072,36.26898938240024,nan nan,5.0,평일
백제CC,126.7907333120215,36.34754615727559,nan nan,4.0,평일
백제관광호텔,126.922302423719,36.291820917793,nan nan,1.0,평일
백제문화단지,126.906695559534,36.3066347977416,nan nan,127.0,평일
백제보인증센터,126.942331187389,36.3173004488349,nan nan,3.0,평일
백제역사문화연구원,126.930554576544,36.2755649083787,nan nan,1.0,평일
백제종합병원,127.094263131618,36.1925872279696,nan nan,7.0,평일
백제체육관,127.10685205832,36.4625749521544,nan nan,1.0,평일
백제한식뷔페,126.78604899680307,36.35010190847356,nan nan,2.0,평일
백제향,126.91241753916772,36.27536061445235,nan nan,1.0,평일
백제호카누경기장,126.856700282799,36.2740548980773,nan nan,2.0,평일
버거킹/아산배방DT점,127.06631391261284,36.770570909886274,nan nan,1.0,평일
베스트웨스턴플러스/호텔세종,127.25842857098696,36.500078113080754,nan nan,1.0,평일
베스티안병원,127.32162553035064,36.63642163907108,nan nan,1.0,평일
볏짚내음,127.137983935969,36.824215677323,nan nan,1.0,평일
보령댐노인복지관,126.675319113638,36.2903167221036,nan nan,1.0,평일
보령엘피스병원,126.62149546249864,36.35552999744541,nan nan,1.0,평일
본죽&비빔밥/부여점,126.910806549096,36.277971419228,nan nan,3.0,평일
봉피양/세종시점,127.27175098383228,36.5041415577544,nan nan,1.0,평일
부소산성,126.91530607002784,36.28724816549565,nan nan,76.0,평일
부여관광유스텔,126.93149907857352,36.28677608757421,nan nan,1.0,평일
부여구아리백제유적,126.910240014713,36.2837594370969,nan nan,1.0,평일
부여군가족행복센터,126.889391562916,36.30432940832,nan nan,1.0,평일
부여군귀농인희망센터,126.8042695,36.2329611,nan nan,4.0,평일
부여군민체육관,126.913084133099,36.2769437711966,nan nan,1.0,평일
부여군유스호스텔,126.9171393084648,36.27924908682344,nan nan,4.0,평일
부여군지역공동체활성화재단,126.9114938185818,36.28135174521924,nan nan,1.0,평일
부여길벗민박,126.90900578004867,36.28443714141703,nan nan,1.0,평일
부여농약마트,126.907986625197,36.2803800609964,nan nan,1.0,평일
부여문화원,126.9175943312535,36.279219484370685,nan nan,2.0,평일
부여문화유산미디어아트,126.912806315736,36.284498464742,nan nan,2.0,평일
부여백제휴게소/서천방향,126.796705752462,36.25816748856,nan nan,1.0,평일
부여사랑마트,126.90794680492644,36.28206345515637,nan nan,1.0,평일
부여사비국밥,126.852228159401,36.309439730516,nan nan,1.0,평일
부여서고,126.888891867189,36.2737217812282,nan nan,1.0,평일
부여서동요역사관광지,126.823787605842,36.1467636510405,nan nan,4.0,평일
부여수모텔,126.910112132851,36.281915410589,nan nan,2.0,평일
부여여흥민씨고택,126.92267119669054,36.26582643546979,nan nan,1.0,평일
부여왕릉원,126.94300230625488,36.2774297254593,nan nan,10.0,평일
부여이비인후과의원,126.90956985954438,36.28191404177875,nan nan,2.0,평일
부여자온대펜션,126.88890477204212,36.2720003790633,nan nan,8.0,평일
부여장수요양원,126.786068076524,36.226143299964,nan nan,1.0,평일
부여정림사지,126.913250761082,36.2797490081823,nan nan,1.0,평일
부여정원요양원,126.892142281196,36.1904535005389,nan nan,1.0,평일
부여종합운동장,126.864755081138,36.2788877254935,nan nan,4.0,평일
부여중앙성결교회,126.910112154822,36.2793323714603,nan nan,3.0,평일
부여초동펜션,126.853839401068,36.27702676593,nan nan,3.0,평일
부여효요양병원,127.049349898169,36.2655291710967,nan nan,1.0,평일
부천체육관,126.7632385988074,37.513420835860586,nan nan,1.0,평일
비비비,126.94529760862572,36.29531312091584,nan nan,5.0,평일
비인해수욕장,126.591150357989,36.1284814579462,nan nan,1.0,평일
사가네흑염소,127.100998891649,36.1773567689062,nan nan,1.0,평일
사바랭,126.9138967465866,36.272702909203645,nan nan,2.0,평일
사비궁,126.90663087116168,36.307388708410826,nan nan,1.0,평일
사비그리고달,126.90258444704664,36.270167353362,nan nan,3.0,평일
사비도성/가상체험관,126.912306352629,36.2853872496046,nan nan,1.0,평일
사비면옥,126.912973042496,36.2756939129247,nan nan,18.0,평일
산들애,126.88311488115724,36.240836605098224,nan nan,2.0,평일
삼기제일교회,126.986684653456,36.0369799116452,nan nan,1.0,평일
삼바리/군산조촌점,126.743304330451,35.9762162354542,nan nan,1.0,평일
삼성화재/본사,127.025986587098,37.4959378962774,nan nan,1.0,평일
삼일씨엔에스/부여공장,126.8697550920542,36.22486612713293,nan nan,2.0,평일
삼화그린텍,126.81955364881448,36.68046281917552,nan nan,1.0,평일
삽교골프클럽,126.73198005698367,36.67783963986674,nan nan,1.0,평일
서동공원,126.911584313687,36.2713888399188,nan nan,3.0,평일
서동문화센터,126.913814528945,36.2722880959067,nan nan,1.0,평일
서동선화한옥,126.927471616012,36.291803270204,nan nan,3.0,평일
서동요오픈세트장,126.82367652048136,36.14484720175128,nan nan,8.0,평일
서동한우/규암직영점,126.86109414622469,36.279426953956005,nan nan,1.0,평일
서산불한증막사우나,126.461566077521,36.7665955854031,nan nan,1.0,평일
서울대정병원,127.107998552024,36.8115915087618,nan nan,1.0,평일
서울연합내과의원,126.911528682062,36.280915532377,nan nan,2.0,평일
서울우유/부여대리점,126.887850172559,36.2798293673081,nan nan,1.0,평일
서울정형외과의원,126.90956824922608,36.28162829093624,nan nan,3.0,평일
서울현병원,127.258384175366,36.4897383412069,nan nan,1.0,평일
서천역주차장,126.708160182843,36.0811638624241,nan nan,1.0,평일
서천특화시장,126.687015825881,36.0747370968095,nan nan,13.0,평일
서통주차빌딩,127.378264408481,36.3547160962719,nan nan,1.0,평일
석동성결교회,126.887358739455,36.2438099925743,nan nan,1.0,평일
선유도횟집,128.61936218597,34.8854511206321,nan nan,1.0,평일
성내보건진료소,126.32978833206391,34.93395560376372,nan nan,1.0,평일
성흥산,126.89889156736338,36.19858636316552,nan nan,1.0,평일
세븐일레븐/부여리조트점,126.900557239391,36.3039684006024,nan nan,3.0,평일
세븐일레븐/정산터미널점,126.949832965303,36.4120098711577,nan nan,1.0,평일
세심천온천호텔,126.670613120091,36.6855903938853,nan nan,1.0,평일
소노벨/천안,127.22408069571053,36.757402292962034,nan nan,1.0,평일
소담,126.915500560324,36.2798323445794,nan nan,2.0,평일
소담돈까스,126.769680152685,36.2853031376168,nan nan,1.0,평일
솔내음,126.90891776082378,36.28588717375132,nan nan,19.0,평일
송락촌,127.113075301093,36.1898168549194,nan nan,1.0,평일
송원골프랜드,127.171408847051,36.483356173881,nan nan,1.0,평일
수북로1945,126.88753515788056,36.272212596283424,nan nan,13.0,평일
수북정,126.890502821155,36.2753604924263,nan nan,2.0,평일
수안보파크호텔,127.9806903902498,36.8445362715069,nan nan,1.0,평일
수약국,126.910806545317,36.2784158130587,nan nan,1.0,평일
수원화성,127.011795743342,37.2869569586225,nan nan,1.0,평일
수월옥,126.888558575027,36.2723608232733,nan nan,3.0,평일
순천만습지,127.509555018979,34.8856119885429,nan nan,1.0,평일
스타박스,126.913667418822,36.2764438313894,nan nan,2.0,평일
스타벅스/대전문지점,127.405530558035,36.3924524082738,nan nan,1.0,평일
시골통닭,126.91161387734525,36.28202002972837,nan nan,28.0,평일
시장정육점식당,127.122253119496,36.4658620323761,nan nan,1.0,평일
신울산횟집,127.1176006947061,36.78819313078114,nan nan,1.0,평일
신전떡볶이/부여점,126.91169188311466,36.28052820436322,nan nan,1.0,평일
쌀굽당,126.911028717067,36.282026514159,nan nan,1.0,평일
쌈마름,126.914500622285,36.2829986450309,nan nan,5.0,평일
쌈촌오리,127.316959871778,36.3870915707615,nan nan,1.0,평일
아웃백스테이크하우스/효자점,127.10212915084232,35.81760314140382,nan nan,1.0,평일
안동병원,128.700970512466,36.5469162310746,nan nan,1.0,평일
안산호수공원,126.825432545637,37.3004272659064,nan nan,2.0,평일
알밤에반한한우,127.1227355294725,36.46613549075911,nan nan,1.0,평일
알토란 한식뷔페,126.918972523958,36.2739441456774,nan nan,2.0,평일
애슐리퀸즈/전주STS점,127.11556380669388,35.80692725120981,nan nan,1.0,평일
양화보건지소,126.880998773543,36.1355511389411,nan nan,2.0,평일
어도비하우스,127.318875227409,36.3730281857193,nan nan,1.0,평일
어화곱창,127.340025963757,36.3577039734147,nan nan,1.0,평일
에그박스/논산메가박스점,127.09870279981598,36.19011975632429,nan nan,1.0,평일
에이본호텔/군산,126.72445832837236,35.97634657401918,nan nan,1.0,평일
에펠제과,126.9107881,36.2807594,nan nan,1.0,평일
엠에스피정보기술,126.89949492750418,37.55992316843909,nan nan,1.0,평일
여호와의증인의왕국회관,126.910723258121,36.2738607758201,nan nan,2.0,평일
연꽃향/[한식],126.91317880274204,36.27392950540751,nan nan,1.0,평일
연미산자연미술공원,127.10260476268768,36.47355484061,nan nan,1.0,평일
영등포유통상가,126.8940032811,37.5224620178503,nan nan,1.0,평일
예산군문예회관,126.849603567896,36.685359849024,nan nan,1.0,평일
오두막집,126.908612233856,36.2857205243626,nan nan,1.0,평일
오리온/청주공장,127.452439711844,36.6575903956696,nan nan,1.0,평일
오말랑베이글,127.04880291826468,37.29133013581263,nan nan,1.0,평일
오세영치과의원,126.69063971892226,36.07746818418556,nan nan,1.0,평일
오양손칼국수,126.51817691077,33.4969599349545,nan nan,1.0,평일
오주문구사,126.912473067107,36.2780269777516,nan nan,1.0,평일
옥산보건지소,126.73365919108436,36.19182585729776,nan nan,1.0,평일
올리브영/세종소담점,127.29915429652262,36.48432446280872,nan nan,2.0,평일
와플파이,126.91213285124034,36.27629447347945,nan nan,1.0,평일
왕궁리유적,127.054935250458,35.973845718866,nan nan,1.0,평일
왕실영양탕,126.86093261292964,36.27220585412225,nan nan,1.0,평일
왕십리정부네곱창/본점,127.03618176887603,37.565319529150216,nan nan,1.0,평일
왕흥사지,126.906924939794,36.2971161378263,nan nan,1.0,평일
용소어린이공원,127.35060632045098,36.30710195865226,nan nan,2.0,평일
우리할매떡볶이/부여점,126.91996027311984,36.28369192350354,nan nan,2.0,평일
원광대학교병원/응급실,126.96054434752364,35.965857823864475,nan nan,1.0,평일
유성구청소년수련관,127.32371082771785,36.3806526189873,nan nan,1.0,평일
유성닭발/봉명점,127.348327598457,36.3589921714351,nan nan,1.0,평일
유정콩나물국밥,127.102651841807,36.1867441261559,nan nan,1.0,평일
유탑마리나호텔&리조트,127.75062228407158,34.74442990396196,nan nan,1.0,평일
육군훈련소,127.09935375183731,36.1156882570315,nan nan,2.0,평일
이디야커피/부여규암점,126.887030951207,36.2702221694774,nan nan,1.0,평일
이마트/보령점,126.58865768476998,36.34398736957243,nan nan,2.0,평일
이마트/세종점,127.25104718198362,36.47099638527813,nan nan,3.0,평일
이마트/청주점,127.47466426932682,36.60107335661584,nan nan,3.0,평일
이마트/화정점,126.83341788945836,37.63267728746393,nan nan,1.0,평일
이마트24/부여성인점,126.890947933034,36.1916200278803,nan nan,2.0,평일
이바돔감자탕/부여점,126.90764660284594,36.27891032363452,nan nan,2.0,평일
이서문화체육센터,127.02292951738649,35.823762096950006,nan nan,1.0,평일
이스코인더스트리,126.833229262117,36.378848377893,nan nan,1.0,평일
이케아/광명점,126.88286680436909,37.42432793800872,nan nan,2.0,평일
임실치즈테마파크,127.3012267861748,35.63311508767043,nan nan,1.0,평일
임천면게이트볼장,126.894247435307,36.1876714707966,nan nan,2.0,평일
자연애마트,126.920194558762,36.2831930991243,nan nan,2.0,평일
자온길,126.888836315867,36.273805104762,nan nan,3.0,평일
자온양조장,126.88620525277469,36.27382464896502,nan nan,5.0,평일
장곡사,126.85947005977457,36.41736997746349,nan nan,1.0,평일
장암보건지소,126.886757808852,36.2439247784193,nan nan,17.0,평일
장항송림산림욕장,126.66487547068036,36.02127263709935,nan nan,8.0,평일
장항스카이워크,126.66518032365,36.0184418365009,nan nan,1.0,평일
장항항,126.685432615043,36.0072601592762,nan nan,4.0,평일
전주월드컵경기장,127.0644897597678,35.86812937397659,nan nan,1.0,평일
정림사지박물관,126.915861649966,36.278582488946,nan nan,2.0,평일
정여사고추장찌개,126.88570795542002,36.339839151340826,nan nan,1.0,평일
조선왕갈비,126.9104786,36.2844404,nan nan,1.0,평일
족발신선생/부여점,126.91291949388386,36.2819876270942,nan nan,3.0,평일
준오헤어/광교센트럴프라자점,127.05000141920895,37.29256045324542,nan nan,1.0,평일
증산목장,127.0075472433,36.2422514416863,nan nan,1.0,평일
진국회관,126.912218136849,36.2786529546056,nan nan,1.0,평일
진포해양테마공원,126.71663032964102,35.989727873433786,nan nan,2.0,평일
처갓집양념치킨/공주신관점,127.14794496093398,36.47509328991649,nan nan,1.0,평일
천당3리마을회관,126.821343118446,36.1780934067184,nan nan,1.0,평일
천안종합운동장/볼링장,127.11616923036608,36.81809342679442,nan nan,1.0,평일
청북도서관,126.9179685399507,37.020472538264,nan nan,1.0,평일
청주국제공항,127.4958528507234,36.72202245995884,nan nan,2.0,평일
촌동네,126.895279927749,36.3043572157518,nan nan,1.0,평일
춘장대해수욕장,126.52271060325948,36.16335176445686,nan nan,1.0,평일
충남대학교병원,127.41535881177168,36.316848054781246,nan nan,1.0,평일
카페온휴,126.90417461688672,36.27236479411397,nan nan,2.0,평일
커피베이/부여성왕로점,126.9112022954,36.2832590934833,nan nan,1.0,평일
케이엠텍지식산업센터,126.86692711898344,37.37895369686737,nan nan,1.0,평일
코스카CC,127.6212900950857,36.93073086826635,nan nan,1.0,평일
코이비꼬,127.08006618005312,36.19116284809114,nan nan,1.0,평일
콜핑/충남부여점,126.91187736494398,36.282780159355184,nan nan,1.0,평일
퀴즈노스/세종청사점,127.2593229663792,36.48343901532471,nan nan,1.0,평일
클라우드인호텔/평화광장점,126.429832257219,34.8003181955913,nan nan,1.0,평일
클럽72CC/듄스코스,126.46086623175,37.4957953412412,nan nan,1.0,평일
태능초가집갈비,127.0892589559868,36.2004675854676,nan nan,1.0,평일
텐프로무인텔,127.090548187105,36.2067137545748,nan nan,1.0,평일
토담한식뷔페/가양본점,127.44269956375364,36.350834182027846,nan nan,1.0,평일
투썸플레이스/부여궁남점,126.91072326732848,36.2727775658512,nan nan,22.0,평일
투썸플레이스/안성중앙대점,127.224889029915,37.0128259807721,nan nan,1.0,평일
파리바게뜨/부여쌍북점,126.92233325535,36.283443082602,nan nan,3.0,평일
표고농부네김밥,126.912445289436,36.2783047237408,nan nan,9.0,평일
풀밭나라,127.30191807402976,36.35949153924719,nan nan,1.0,평일
풍년가든,126.87828215642,36.219588997168,nan nan,1.0,평일
프로짐피트니스,126.92461350221328,36.28303571792748,nan nan,7.0,평일
프린세스GC,127.116611453732,36.65121417654932,nan nan,1.0,평일
프린세스캠핑장,127.12430635152074,36.47656841984803,nan nan,1.0,평일
프린스모텔,126.913667364465,36.2828319926949,nan nan,3.0,평일
하나로마트/규암농협본점,126.88750598341876,36.27541311989319,nan nan,5.0,평일
하나로마트/규암농협은산점,126.853922439914,36.3109951182098,nan nan,7.0,평일
하나로마트/논산계룡축협중부점,127.084556429762,36.2064477769887,nan nan,1.0,평일
하나로마트/서부여농협남면점,126.80687300571458,36.21331333277722,nan nan,4.0,평일
하나로마트/서부여농협본점,126.7593558119092,36.214079949006944,nan nan,4.0,평일
하나로마트/익산농협평화점,126.93199204527738,35.93469454339578,nan nan,1.0,평일
하늘별빛펜션,126.841562006268,36.3608504769913,nan nan,2.0,평일
하늘채황금수라/[한식],126.91825645664404,36.28025627364427,nan nan,8.0,평일
하워드존슨호텔/인천에어포트,126.49149129304216,37.49343357117589,nan nan,1.0,평일
하은요양원,126.7648118,36.1920139,nan nan,1.0,평일
한국교원대학교,127.35938351763564,36.61005916977264,nan nan,1.0,평일
한국기계연구원,127.3590803967658,36.39633823134846,nan nan,1.0,평일
한국문화연수원,127.00973902028466,36.56497390289323,nan nan,4.0,평일
한국선진철도시스템,127.115730466757,35.9596566500216,nan nan,1.0,평일
한국전통문화대학교/세종캠퍼스,127.24993416233391,36.49339250890221,nan nan,1.0,평일
한국전통문화대학교/전통문화교육원,126.893085639508,36.3089400146741,nan nan,2.0,평일
한국침례신학대학교,127.326464166068,36.3858620084669,nan nan,1.0,평일
한국폴리텍대학/바이오캠퍼스,127.02238280449208,36.14560080719255,nan nan,1.0,평일
한밭정공,127.40221400653192,36.37006144715377,nan nan,1.0,평일
한솥도시락/부여점,126.912500850683,36.2770548664011,nan nan,4.0,평일
한아름보리밥,127.248902113592,36.519298361684186,nan nan,1.0,평일
할렐루야기도원,127.266334638524,37.4502405580884,nan nan,1.0,평일
합송육묘장,126.85822870689805,36.25344884657099,nan nan,1.0,평일
해장국마을,126.9129722187921,36.27447316008012,nan nan,1.0,평일
향우정,126.909473270524,36.2854705576391,nan nan,15.0,평일
허갈닭강정/부여점,126.912487730361,36.2804303014519,nan nan,1.0,평일
현대약품/천안공장,127.12070986184064,36.7547405694758,nan nan,1.0,평일
현대프리미엄아울렛/대전점,127.39835611263848,36.423551448804446,nan nan,7.0,평일
호텔공주,127.1298053424412,36.46993992817829,nan nan,1.0,평일
호텔쏠레르,126.51214576425,36.3137543936943,nan nan,1.0,평일
홈플러스/보령점,126.61385172366,36.3439921299057,nan nan,2.0,평일
홈플러스익스프레스/대전원내점,127.319921492143,36.299182792863,nan nan,1.0,평일
홍가네생태탕,126.85316522247392,36.31012251991452,nan nan,1.0,평일
홍산각/[중식],126.760042714464,36.2138945529845,nan nan,1.0,평일
홍산보건지소,126.75963264389,36.2173534734524,nan nan,1.0,평일
홍주환경,126.60752122154288,36.60489218569291,nan nan,1.0,평일
화성종합경기타운,126.92458167988732,37.137543959589934,nan nan,1.0,평일
화인엠텍,126.794130404274,37.0275264367947,nan nan,1.0,평일
황해도전통손만두국,127.1343577847076,36.45129161902516,nan nan,1.0,평일
회룡대별장펜션,126.82479134289844,36.40300092439512,nan nan,2.0,평일
휴비스/R&D센터,127.406817290243,36.4352984071679,nan nan,1.0,평일
휴심채펜션,126.5263980600728,36.328582884648505,nan nan,1.0,평일
흥부약국,126.912250822344,36.282998632476,nan nan,1.0,평일
