목적지명,목적지X좌표,목적지Y좌표,목적지읍면동명,중분류,소분류,방문건수,방문건수구간
12월의왈츠,127.246099,36.358756,반포면,숙박,펜션,18,4
24시전주명가콩나물국밥/공주점,127.1334532,36.46930583,신관동,음식점,한식,42,4
505펜션앤키즈캠핑장,127.0201282,36.50125213,사곡면,레저/스포츠,캠프장,105,5
60계치킨/충남공주신관점,127.1365903,36.47292271,신관동,음식점,치킨,3,1
BBQ/공주신월점,127.1478949,36.47375601,신관동,음식점,치킨,6,2
BBQ/공주신월점,127.1478949,36.47375601,월송동,음식점,치킨,3,1
BHC/공주대점,127.1371736,36.47331156,신관동,음식점,치킨,9,3
BHC/옥룡점,127.1334796,36.45467477,옥룡동,음식점,치킨,3,1
CJ제일제당/공주공장,127.1423129,36.37171206,계룡면,업종별기업,음식료업,4,2
CU/공주검상공단점,127.0751122,36.43035842,금학동,대형유통점,편의점,3,1
CU/공주금성점,127.1212584,36.46556235,웅진동,대형유통점,편의점,13,3
CU/공주대학로점,127.1356738,36.47003414,신관동,대형유통점,편의점,3,1
CU/공주미도점,127.1353406,36.44928651,옥룡동,대형유통점,편의점,3,1
CU/공주차령휴게소점,127.1231455,36.64165336,정안면,대형유통점,편의점,3,1
CU/공주청룡점,127.1402073,36.49994693,의당면,대형유통점,편의점,4,2
CU/공주탄천산업단지점,127.0634022,36.3013806,탄천면,대형유통점,편의점,6,2
G7무인텔,127.2511366,36.36718543,반포면,숙박,모텔/여관,6,2
GE삼성전기조명,127.1325907,36.46981193,신관동,전기/가정용품,조명기구,3,1
GS25/검상공단,127.0750962,36.43034387,검상동,대형유통점,편의점,3,1
GS25/공주교대점,127.1203698,36.44331488,금학동,대형유통점,편의점,3,1
GS25/공주금강점,127.1297838,36.47340023,신관동,대형유통점,편의점,3,1
GS25/공주우남점,127.1393678,36.47897759,월송동,대형유통점,편의점,3,1
GS25/공주우성점,127.0507864,36.47023987,우성면,대형유통점,편의점,12,3
GS25/공주의당점,127.1470337,36.49086517,의당면,대형유통점,편의점,11,3
GS25/공주장승마을점,127.0215443,36.55771792,사곡면,대형유통점,편의점,3,1
GS25/공주정안점,127.1218126,36.61143458,정안면,대형유통점,편의점,6,2
GS25/신공주전막점,127.1269801,36.47108953,신관동,대형유통점,편의점,3,1
GS25/월송2단지점,127.1559219,36.47853329,월송동,대형유통점,편의점,15,3
GS더프레시/공주신관점,127.1446174,36.47478365,신관동,슈퍼/마트,대형슈퍼,63,5
GS더프레시/공주점,127.134174,36.45553579,옥룡동,슈퍼/마트,대형슈퍼,170,5
JJ오토캠핑장,126.9652165,36.60282442,유구읍,레저/스포츠,캠프장,120,5
KG케미칼/남공주대리점,127.1228416,36.46289599,웅진동,쇼핑기타,농업용품관련,3,1
KT/공주지점,127.1498669,36.47606132,월송동,주요그룹,KT,42,4
LG전자베스트샵/공주점,127.133283,36.47110154,신관동,가전,LG,8,3
LG전자서비스센터/공주점,127.1331999,36.47110713,신관동,가전,LG,9,3
OCI스페셜티/공주공장,127.0600431,36.29833105,탄천면,업종별기업,제조업,114,5
OK무인텔,127.1322019,36.46861762,신관동,숙박,모텔/여관,17,4
PROVIDENCE,127.2518588,36.3608806,반포면,카페,카페기타,59,5
SK렌터카/공주대지점,127.1365903,36.4697564,신관동,자동차시설,렌트카,3,1
SK텔레콤/공주종동대리점 신관점,127.1425076,36.47417673,신관동,정보통신기기,SK텔레콤,3,1
SUBWAY/공주신관점,127.1413677,36.47331158,신관동,음식점,패스트푸드,24,4
SUBWAY/공주신관점,127.1413677,36.47331158,신관동,음식점,패스트푸드,49,4
THEJAJA,127.2527198,36.36779648,반포면,숙박,모텔/여관,3,1
가교리1구마을회관,127.0290437,36.53941449,사곡면,사회시설,회관,3,1
가나잔치,127.11912,36.43845432,금학동,음식점,한식,6,2
가든이화,127.0472926,36.48061576,사곡면,음식점,한식,6,2
가마솥국밥보쌈/공주중동점,127.123686,36.45375736,중학동,음식점,한식,6,2
가마치통닭/공주신관점,127.1380993,36.47298567,신관동,음식점,치킨,7,3
가보자순대국,126.9516183,36.55393819,유구읍,음식점,한식,3,1
가스원,127.0526544,36.34915856,이인면,업종별기업,전기가스업,3,1
가자펜션,127.2500812,36.36071394,반포면,숙박,펜션,6,2
가족관광농원,127.0614843,36.63402686,정안면,농/어업,농장/농원,3,1
가척리마을회관,127.0030758,36.31257911,탄천면,사회시설,회관,8,3
가화,127.2528032,36.36271373,반포면,음식점,한식,20,4
갈릴리수양관,127.0925345,36.60561915,정안면,종교,교회시설,694,5
감나무집/동학사점,127.251841,36.36517013,반포면,음식점,전문음식점,57,5
감성커피/공주대점,127.137873,36.47314647,신관동,카페,카페기타,14,3
갑사,127.1876423,36.36535193,계룡면,종교,절,1786,5
갑사가는길,127.2030015,36.42903921,반포면,음식점,전문음식점,3,1
갑사한옥민박,127.1787827,36.37337128,계룡면,숙박,펜션,3,1
강가애,127.093872,36.45892406,우성면,카페,카페기타,4,2
강가에서,127.071763,36.44273133,금학동,카페,카페기타,3,1
강백년문화관,127.1683019,36.58552383,의당면,문화생활시설,문화생활시설기타,6,2
강변파크,127.1325629,36.46814545,신관동,숙박,모텔/여관,4,2
강북생활문화센터,127.1548914,36.47130835,월송동,문화생활시설,문화생활시설기타,4,2
개성집/공주점,127.122493,36.46349257,웅진동,음식점,한식,130,5
갤러리아울,127.2512476,36.38643324,반포면,카페,카페기타,21,4
검상농공단지,127.0737907,36.43278803,금학동,산업시설,농공단지,7,3
검상동마을회관,127.0644026,36.43700972,금학동,사회시설,회관,3,1
견동리마을회관,126.9999924,36.35593526,탄천면,사회시설,회관,4,2
경기식당,127.2352254,36.35705848,반포면,음식점,한식,11,3
경동택배/공주신금1영업소,127.1464227,36.47706118,신관동,생활서비스,택배,52,4
경희네,127.1360904,36.47111736,신관동,음식점,한식,4,2
계룡산1박2일펜션,127.2415542,36.3599362,반포면,숙박,펜션,19,4
계룡산갑사유스호스텔,127.1783097,36.37132342,계룡면,숙박,유스호스텔,17,4
계룡산골프장,127.1908199,36.4096414,계룡면,레저/스포츠,골프연습장,350,5
계룡산공영주차장,127.2385823,36.358603,반포면,자동차시설,주차장,7,3
계룡산국립공원,127.2021689,36.35204798,반포면,관광명소,국립공원,6,2
계룡산국립공원/갑사지구,127.1829205,36.36785162,계룡면,관광명소,국립공원,29,4
계룡산국립공원/동학사지구,127.2324162,36.35688094,반포면,관광명소,국립공원,200,5
계룡산그린콘도,127.2366211,36.35839156,반포면,숙박,콘도/리조트,16,4
계룡산글램핑/동월숲,127.2534143,36.35593672,반포면,레저/스포츠,캠프장,4,2
계룡산도예촌,127.2164728,36.38943269,반포면,관광명소,고택/생가/민속마을,9,3
계룡산동남가든,127.2683599,36.37001497,반포면,음식점,전문음식점,3,1
계룡산동학사스타펜션,127.2432518,36.36038457,반포면,숙박,펜션,15,3
계룡산동학사펜션,127.2431849,36.36029789,반포면,숙박,펜션,5,2
계룡산두부마을,127.2469426,36.35982513,반포면,음식점,한식,3,1
계룡산드림펜션,127.2551641,36.36143611,반포면,숙박,펜션,6,2
계룡산마루펜션,127.2190893,36.3900986,반포면,숙박,펜션,6,2
계룡산묵사랑,127.1497049,36.43518573,옥룡동,음식점,한식,20,4
계룡산사계절펜션,127.1680102,36.3315563,계룡면,숙박,펜션,104,5
계룡산산내음펜션,127.1721462,36.37153444,계룡면,숙박,펜션,3,1
계룡산쉴만한물가펜션,127.2553438,36.36136,반포면,숙박,펜션,16,4
계룡산식당,127.2352925,36.35705677,반포면,음식점,한식,11,3
계룡산알밤,127.1281744,36.47064514,신관동,업종별기업,음식료업,19,4
계룡산온천,127.2525254,36.36557451,반포면,관광명소,온천,6,2
계룡산의아침,127.2378601,36.35746424,반포면,숙박,펜션,20,4
계룡산자동차야영장,127.2417764,36.35771423,반포면,레저/스포츠,캠프장,17,4
계룡산작은쉼터,127.1619779,36.37024012,계룡면,숙박,펜션,3,1
계룡산장추어탕,127.2514768,36.36495762,반포면,음식점,한식,3,1
계룡산제빵소,127.1393967,36.35257533,계룡면,음식점,제과점,127,5
계룡산콘도텔,127.237499,36.35743646,반포면,숙박,모텔/여관,3,1
계룡산한우곰탕,127.2519699,36.36051953,반포면,음식점,한식,6,2
계룡산해피투게더펜션,127.2513867,36.3590197,반포면,숙박,펜션,23,4
계룡산힐링펜션,127.247887,36.36021398,반포면,숙박,펜션,3,1
계룡산힐링펜션,127.2478955,36.36021235,반포면,숙박,펜션,3,1
계룡저수지,127.1538676,36.35815811,계룡면,관광명소,저수지,111,5
계룡철학관,127.1391551,36.47483481,신관동,생활서비스,생활서비스기타,3,1
계림식당,127.1214135,36.46262836,웅진동,음식점,한식,18,4
계실리마을회관,127.0462369,36.51480629,사곡면,사회시설,회관,6,2
고가네칼국수,127.1234805,36.45348041,중학동,음식점,한식,245,5
고기백화점,127.1330073,36.4717006,신관동,시장,농수축산물시장,18,4
고기사랑셀프식당,127.1239528,36.45039743,중학동,음식점,한식,6,2
고기정원,127.0420937,36.47228212,사곡면,음식점,전문음식점,41,4
고들정육식당,127.2529143,36.35860308,반포면,음식점,한식,15,3
고려산업/공주공장,127.1618722,36.49097347,월송동,업종별기업,제조업,6,2
고마게스트하우스,127.1227781,36.46522916,웅진동,숙박,게스트하우스,9,3
고마나루1999,127.1227299,36.46495363,웅진동,음식점,한식,351,5
고마두부마을,127.1127315,36.45914636,웅진동,음식점,전문음식점,7,3
고마스크린골프,127.0938998,36.45895183,우성면,레저/스포츠,골프연습장,3,1
고마커피,127.1222305,36.46600675,웅진동,카페,커피전문점,3,1
고박사냉면초계막국수,127.1526166,36.48192178,월송동,음식점,한식,45,4
고봉민김밥인/터미널점,127.1363404,36.47006192,신관동,음식점,분식,12,3
고사리잡화점,127.131452,36.45461921,옥룡동,쇼핑기타,쇼핑기타,3,1
고운풍경펜션,127.0238221,36.52941561,사곡면,숙박,펜션,3,1
고운피부과의원,127.1411732,36.47408927,신관동,의료시설,의원,22,4
고은아이소아청소년과의원,127.1528408,36.47582236,월송동,의료시설,의원,9,3
고창애풍천장어,127.1606439,36.45075871,옥룡동,음식점,전문음식점,83,5
고향국밥집,127.06407,36.36187939,이인면,음식점,한식,3,1
고향보신탕,127.1209253,36.44578682,중학동,음식점,한식,3,1
고향손칼국수,127.1579595,36.48163409,월송동,음식점,한식,224,5
곡물집,127.1195365,36.44959194,중학동,음식료,음식료기타,22,4
곤드레쌈밥/[한식],127.1197851,36.60549081,정안면,음식점,한식,13,3
골드리버CC,127.1633932,36.50369713,의당면,레저/스포츠,골프장,626,5
골프존파크/신관썬스크린골프존점,127.1328129,36.47078404,신관동,레저/스포츠,골프연습장,7,3
골프존파크/월송나사스크린점,127.1491725,36.47642238,월송동,레저/스포츠,골프연습장,12,3
곰골식당,127.120543,36.45184527,중학동,음식점,한식,1373,5
곰골식당/월송점,127.1544019,36.47241,월송동,음식점,한식,30,4
곰나루국민관광단지,127.1108426,36.47045062,웅진동,관광명소,놀이공원,4,2
곰나루국민관광단지,127.1108426,36.47045062,웅진동,관광명소,유원지,6,2
곰나루식당,127.1233416,36.45909088,웅진동,음식점,한식,3,1
곰나루파크골프장,127.0997604,36.459921,웅진동,레저/스포츠,골프장,10,3
곰선생동태씨,127.1432595,36.4673465,신관동,음식점,한식,76,5
곰탑공원,127.1240915,36.46600676,웅진동,관광명소,공원,6,2
곱깨비/신관점,127.1364486,36.4711762,신관동,음식점,전문음식점,3,1
공다방,127.1230638,36.46509019,웅진동,카페,카페기타,20,4
공산성,127.1253692,36.46447916,웅진동,관광명소,성,8478,5
공산성/방문자센터,127.1235915,36.464868,웅진동,관광명소,관광안내소,6,2
공산성/임시주차장,127.1251192,36.460063,웅진동,자동차시설,주차장,7,3
공산성본가,127.1221355,36.46398156,웅진동,음식점,한식,17,4
공산성부추해물칼국수,127.1227305,36.46447915,웅진동,음식점,한식,6,2
공산성입구,127.1237026,36.46500687,금성동,관광명소,관광명소기타,111,5
공수원추어탕,127.0166496,36.4408959,우성면,음식점,한식,10,3
공암매운탕어죽,127.2639966,36.36721328,반포면,음식점,한식,3,1
공주건강랜드요양원,127.1426495,36.47269647,신관동,기타의료시설,요양원,19,4
공주경비행장,127.1266236,36.50928255,의당면,레저/스포츠,레저/스포츠기타,8,3
공주경희한방병원,127.1490891,36.47972756,월송동,의료시설,한방병원,198,5
공주고등학교야구장,127.1225604,36.4473621,중학동,레저/스포츠,운동장/체육관,6,2
공주고마나루,127.1071763,36.46997843,웅진동,관광명소,문화유적지,17,4
공주공산성게스트하우스,127.1227567,36.46512513,웅진동,숙박,게스트하우스,12,3
공주공산성미디어아트,127.1253848,36.46450617,금성동,관광명소,축제,45,4
공주공산성연지,127.1285078,36.46384036,웅진동,관광명소,문화유적지,82,5
공주교육대학교,127.1187033,36.44431476,봉황동,교육기관,대학교,998,5
공주교육대학교/교육대학원,127.1192633,36.44580866,중학동,교육기관,대학교,3,1
공주교회,127.1162034,36.45645225,웅진동,종교,교회시설,3,1
공주구룡사지,127.2158896,36.3848221,반포면,관광명소,문화유적지,6,2
공주국민체육센터,127.1369792,36.46572909,신관동,레저/스포츠,운동장/체육관,80,5
공주기독교박물관,127.1225084,36.45098068,중학동,문화생활시설,박물관/기념관,10,3
공주기적의도서관,127.1535333,36.47275616,월송동,문화생활시설,도서관,85,5
공주농협농산물공판장,127.1225917,36.46006298,웅진동,음식료,농수축산물점,13,3
공주대나무식당,127.122925,36.46042405,웅진동,음식점,한식,4,2
공주대학교/공주신관캠퍼스,127.1399789,36.46903428,신관동,교육기관,대학교,1949,5
공주대학교/옥룡캠퍼스,127.1327575,36.45170288,옥룡동,교육기관,대학교,39,4
공주도서관,127.1263692,36.45167507,중학동,문화생활시설,도서관,12,3
공주돈까스,127.1510337,36.44298176,옥룡동,음식점,전문음식점,14,3
공주마마,127.2202222,36.42542861,반포면,음식점,전문음식점,21,4
공주무령왕릉과왕릉원,127.1128075,36.46138343,웅진동,관광명소,문화유적지,485,5
공주문예회관,127.1113982,36.46006292,웅진동,사회시설,회관,118,5
공주문화예술촌,127.1215918,36.45795211,웅진동,문화생활시설,문화생활시설기타,4,2
공주문화원,127.122564,36.45439696,중학동,문화생활시설,문화원,3,1
공주문화재단,127.1078152,36.46664548,웅진동,각종단체,재단,3,1
공주문화재야행,127.122314,36.45425809,반죽동,관광명소,축제,73,5
공주반죽동당간지주,127.1224306,36.45170276,중학동,관광명소,문화유적지,26,4
공주반포주조,127.2529695,36.39645988,반포면,업종별기업,음식료업,3,1
공주밤마실야시장,127.1237305,36.45759105,웅진동,시장,시장기타,36,4
공주벧엘정신요양원,127.0990383,36.44978624,금학동,기타의료시설,요양원,3,1
공주보늬밤참,127.121675,36.46511796,웅진동,카페,카페기타,6,2
공주보물농공단지,127.1230904,36.60107466,정안면,산업시설,지방공업단지,3,1
공주보석사우나,127.1257303,36.45956306,웅진동,생활서비스,목욕탕/사우나,62,5
공주보훈공원,127.1137567,36.4598022,웅진동,관광명소,공원,3,1
공주볼트,127.1344516,36.47225611,신관동,업종별기업,제조업,32,4
공주북캠프,126.9914084,36.51463933,신풍면,레저/스포츠,캠프장,112,5
공주사거리약국,127.1248971,36.45631342,중학동,기타의료시설,약국,4,2
공주산림휴양마을,127.1183146,36.42328937,금학동,관광명소,자연휴양림,262,5
공주산림휴양마을/목재문화체험장,127.1205922,36.42184511,금학동,문화생활시설,문화생활시설기타,7,3
공주산성시장,127.1236194,36.45756327,웅진동,시장,종합시장,3149,5
공주산성시장문화공원,127.1229806,36.45706333,웅진동,관광명소,공원,24,4
공주살롱,127.1419395,36.47327471,신관동,카페,카페기타,3,1
공주삼성요양원,127.1251135,36.4569784,웅진동,기타의료시설,요양원,3,1
공주상신리당간지주,127.2179823,36.38436626,반포면,관광명소,문화유적지,6,2
공주서울내과의원,127.1251751,36.45698354,웅진동,의료시설,의원,14,3
공주성모안과의원,127.1242582,36.46028519,웅진동,의료시설,의원,13,3
공주세종패밀리랜드,127.1547829,36.50316936,의당면,레저/스포츠,테마파크,9,3
공주소풍펜션,127.0231555,36.52477724,사곡면,숙박,펜션,20,4
공주숲클라이밍짐,127.1400066,36.47692227,신관동,레저/스포츠,레저/스포츠기타,3,1
공주시 산성시장 공영주차장,127.1227306,36.45881313,산성동,자동차시설,주차장,107,5
공주시 신관동 공원주차장,127.1358959,36.47264496,신관동,자동차시설,주차장,16,4
공주시가족센터,127.1327601,36.4532843,옥룡동,사회시설,사회시설기타,16,4
공주시공동육아나눔터/3호점,126.9531615,36.55357911,유구읍,사회시설,사회복지시설,3,1
공주시농업기술센터,127.0982324,36.49380899,우성면,각종단체,센터,329,5
공주시농업기술센터/농업회관,127.097538,36.49411451,우성면,각종단체,센터,19,4
공주시농업전시관,127.0989256,36.49336158,우성면,문화생활시설,전시장,12,3
공주시니어클럽,127.1281744,36.47195055,신관동,사회시설,사회복지시설,3,1
공주시립박찬호야구장,127.1306829,36.4838295,신관동,레저/스포츠,운동장/체육관,134,5
공주시립웅진도서관,127.1111205,36.46092393,웅진동,문화생활시설,도서관,94,5
공주시립테니스장,127.1006211,36.49097599,신관동,레저/스포츠,테니스,105,5
공주시민운동장,127.1091762,36.46150718,웅진동,레저/스포츠,운동장/체육관,1194,5
공주시보건소,127.120703,36.45706331,웅진동,의료시설,보건소/지소,366,5
공주시시민재난안전센터,127.0990379,36.49444781,신관동,문화생활시설,문화생활시설기타,3,1
공주시장애인종합복지관,127.1296742,36.47456137,신관동,사회시설,사회복지시설,6,2
공주시정신건강복지센터,127.1235916,36.46031296,웅진동,사회시설,사회복지시설,9,3
공주시종합사회복지관,127.1361179,36.49472577,의당면,사회시설,사회복지시설,58,5
공주시청년센터,127.1245082,36.45295269,중학동,각종단체,센터,3,1
공주시학교급식지원센터,127.0275447,36.44681394,우성면,업종별기업,음식료업,9,3
공주실버랜드,127.1440903,36.40262521,계룡면,사회시설,사회복지시설,3,1
공주쌍신집칼국수,127.1199634,36.48147016,월송동,음식점,한식,853,5
공주알밤농원,127.159504,36.57868855,의당면,농/어업,농장/농원,100,5
공주알밤빵/본점,127.1218378,36.46367314,웅진동,음식점,제과점,3,1
공주알밤센터,127.1230083,36.46195166,웅진동,음식료,음식료기타,44,4
공주에덴노인병원,127.1270634,36.47547792,신관동,의료시설,일반병원,28,4
공주에서,127.1380068,36.47817212,월송동,음식점,전문음식점,16,4
공주예비군훈련장,127.1354792,36.48336595,월송동,교육기관,군교육기관,72,5
공주요양병원,126.9284973,36.51916623,신풍면,의료시설,요양병원,15,3
공주원로원,127.1457561,36.48478252,월송동,사회시설,사회복지시설,136,5
공주원예영농조합육묘장,127.1152025,36.56091254,정안면,농/어업,농/어업기타,3,1
공주유스호스텔,127.0468773,36.33327144,탄천면,숙박,유스호스텔,15,3
공주의료원,127.1094817,36.45889637,웅진동,의료시설,종합병원,1276,5
공주의료원/응급실,127.1093151,36.45931299,웅진동,의료시설,응급실,13,3
공주잉크관광호텔,127.1301147,36.46978497,신관동,숙박,호텔,169,5
공주자연농원,127.1209239,36.60301887,정안면,농/어업,농장/농원,3,1
공주제일교회,127.1227862,36.45095291,중학동,종교,교회시설,15,3
공주제일교회,127.1348129,36.4514807,옥룡동,종교,교회시설,4,2
공주중동성당,127.1274524,36.45475806,중학동,관광명소,문화유적지,103,5
공주중앙감리교회,127.1191476,36.45697998,웅진동,종교,교회시설,13,3
공주중앙장로교회,127.1518945,36.47033976,월송동,종교,교회시설,76,5
공주철물,127.1232027,36.46047961,웅진동,생활서비스,철물점,7,3
공주청소년문화센터,127.1221195,36.45398034,중학동,문화생활시설,문화센터,18,4
공주치즈스쿨,126.9402465,36.49214161,신풍면,관광명소,체험학습,18,4
공주푸르메요양병원,127.0901506,36.40937413,금학동,의료시설,일반병원,81,5
공주하늘펜션,127.0219056,36.53035993,사곡면,숙박,펜션,3,1
공주하숙마을,127.1231844,36.45219666,중학동,숙박,숙박기타,52,4
공주학생수영장,127.173948,36.48339395,월송동,레저/스포츠,수영장,74,5
공주한옥마을,127.1084818,36.46472903,웅진동,관광명소,고택/생가/민속마을,1305,5
공주환경성건강센터,127.1263946,36.43055471,금학동,기타의료시설,기타의료시설기타,80,5
공주효센터,127.0509879,36.34543675,이인면,사회시설,사회복지시설,6,2
공주휴게소/당진방향,127.1651709,36.49861439,의당면,교통시설,고속도로휴게소,104,5
공주휴게소/대전방향,127.1666706,36.49679562,월송동,교통시설,고속도로휴게소,41,4
공차/공주대점,127.1394234,36.47383929,신관동,카페,공차,9,3
공휴스테이,127.2242903,36.39773777,반포면,숙박,펜션,4,2
관풍정,127.1096761,36.46547896,웅진동,레저/스포츠,양궁/국궁,85,5
괌모텔,127.1509226,36.44350948,옥룡동,숙박,모텔/여관,3,1
광명리노인회관,127.0662367,36.33091071,탄천면,사회시설,사회복지시설,3,1
광장순대,127.1233972,36.4573133,웅진동,음식점,한식,3,1
광정파크,127.1228126,36.60482423,정안면,숙박,모텔/여관,28,4
교동면옥/공주신관점,127.1398323,36.47460346,신관동,음식점,한식,135,5
교동짬뽕/귀산리점 [중식],127.1119219,36.49820623,우성면,음식점,중식,3,1
교촌치킨/신관점,127.1428397,36.47422815,신관동,음식점,치킨,4,2
구룡가든,127.18492,36.39520963,계룡면,음식점,한식,19,4
구룡사,126.9676053,36.48272617,신풍면,종교,절,691,5
구선교사가옥,127.1265081,36.44948088,중학동,관광명소,문화유적지,7,3
구이산,127.2514485,36.3661664,반포면,음식점,한식,39,4
국립공주대학교/공주신관캠퍼스,127.1399789,36.46903428,신관동,교육기관,대학교,3897,5
국립공주대학교/옥룡캠퍼스,127.1327575,36.45170288,옥룡동,교육기관,대학교,92,5
국립공주박물관,127.1122314,36.46553452,웅진동,문화생활시설,박물관/기념관,2165,5
국립공주병원,127.1105655,36.40190288,금학동,의료시설,일반병원,370,5
국립법무병원,127.2391095,36.41323567,반포면,의료시설,정신병원,895,5
국수정,127.1396414,36.47379231,신관동,음식점,한식,18,4
굽네치킨/공주중동점,127.1239067,36.45470318,중학동,음식점,치킨,5,2
굿나루모텔,127.1435177,36.46209407,신관동,숙박,모텔/여관,26,4
굿모닝펜션,127.0216834,36.5306099,사곡면,숙박,펜션,3,1
궁전MOTEL,127.2500534,36.36668548,반포면,숙박,모텔/여관,3,1
궁전모텔,127.1229805,36.46242383,웅진동,숙박,모텔/여관,25,4
궁중떡집,127.1241749,36.45689669,웅진동,음식점,떡/한과,3,1
귀네미시래기명태찜,127.2500069,36.36060498,반포면,음식점,한식,4,2
귀빈식당,127.0197666,36.55635695,사곡면,음식점,한식,36,4
귀연당,127.1532642,36.5547769,의당면,음식점,한식,12,3
그때그때카페,127.1075097,36.45653552,웅진동,카페,카페기타,13,3
그랜드재활요양원,126.9540686,36.55098041,유구읍,기타의료시설,요양원,3,1
그루잠/공주점,127.2549971,36.40362575,반포면,카페,카페기타,17,4
그리드,127.2556083,36.38801642,반포면,카페,카페기타,23,4
그리심글램핑장,127.1477882,36.58915623,정안면,레저/스포츠,캠프장,9,3
그린파크,126.9513562,36.5479964,유구읍,숙박,모텔/여관,3,1
그린홈,127.1423953,36.47472809,신관동,건축자재,인테리어,3,1
근영푸드,127.108678,36.50727852,우성면,업종별기업,음식료업,3,1
금강6경(고마나루솔밭)/웅진지구1,127.1033433,36.46622883,웅진동,관광명소,관광명소기타,3,1
금강기사식당,127.1237067,36.46120858,웅진동,음식점,한식,3,1
금강사회복지관,127.1342574,36.44836994,옥룡동,사회시설,사회복지시설,8,3
금강신관공원,127.1310353,36.46750663,신관동,관광명소,공원,7885,5
금강신관공원/축구장,127.135896,36.46481252,신관동,레저/스포츠,운동장/체육관,9,3
금강신관공원야구장,127.1340906,36.46581239,신관동,레저/스포츠,운동장/체육관,4,2
금강아트센터,127.2021189,36.42894986,반포면,문화생활시설,화랑/전시관,12,3
금강약국,127.1378124,36.47353376,신관동,기타의료시설,약국,3,1
금강억새단지,127.0459097,36.41673733,우성면,관광명소,관광명소기타,6,2
금강온천,127.1075652,36.46297923,웅진동,관광명소,온천,219,5
금강온천모텔,127.1073152,36.4632292,웅진동,숙박,모텔/여관,3,1
금강의아침펜션,127.0747386,36.44444679,금학동,숙박,펜션,3,1
금계캠핑장,126.9836025,36.63759745,유구읍,여행/레저기타,여행/레저기타,77,5
금동산미술관,127.1233672,36.60821561,정안면,문화생활시설,미술관,3,1
금성낙지,127.1217459,36.4665964,웅진동,음식점,전문음식점,3,1
금성모텔,127.1215575,36.46228107,웅진동,숙박,모텔/여관,9,3
금성회관,127.1317574,36.46895091,신관동,음식점,한식,22,4
금정알밤농원,127.1095086,36.56082918,정안면,농/어업,농장/농원,5,2
금학생태공원,127.1241203,36.43357365,금학동,관광명소,공원,47,4
기산1리소와리경로당,127.1516453,36.38912679,계룡면,사회시설,사회복지시설,3,1
기산저수지,127.1336469,36.38371064,계룡면,관광명소,저수지,4,2
기찬메밀국수,127.2563862,36.36571341,반포면,음식점,한식,38,4
길갈,127.1215646,36.45018338,중학동,음식점,일식,62,5
김밥천국/신관터미널점,127.1344239,36.46867318,신관동,음식점,분식,10,3
까우,127.136257,36.47167285,신관동,음식점,세계요리,109,5
꼭지네,127.1297576,36.47108954,신관동,술집,호프,7,3
꿈의교회,127.1098428,36.45742432,웅진동,종교,교회시설,34,4
나그네식당,127.1206225,36.44682638,중학동,음식점,한식,5,2
나래원식당,127.0449602,36.39956943,이인면,음식점,한식,20,4
나사볼링센터/공주점,127.1491931,36.47639567,월송동,레저/스포츠,볼링장,13,3
나이키/공주점,127.1244527,36.4557857,중학동,의류/직물,스포츠·캐주얼의류,5,2
나태주풀꽃문학관,127.1199467,36.45361851,중학동,문화생활시설,문화생활시설기타,100,5
남성식당,127.1468573,36.49798819,의당면,음식점,한식,4,2
남양화학공업,127.1293396,36.61968369,정안면,업종별기업,화학,45,4
내고향묵집,127.254688,36.3957495,반포면,음식점,한식,5,2
내재,127.1800034,36.44514835,옥룡동,카페,카페기타,94,5
넘버25호텔,127.1287022,36.47039517,신관동,숙박,모텔/여관,121,5
노가드네,127.2165953,36.41306598,반포면,음식점,한식,59,5
노라쥬,127.1201181,36.64007019,정안면,관광명소,동식물원,108,5
노랑오리농업회사법인,126.9482458,36.49655781,신풍면,업종별기업,음식료업,3,1
노브랜드/공주신관동점,127.1400253,36.47693618,신관동,슈퍼/마트,슈퍼/마트 기타,123,5
노브랜드/공주신관동점,127.14009,36.47695005,신관동,슈퍼/마트,슈퍼/마트 기타,84,5
노브랜드버거/공주신관점,127.1402566,36.47358932,신관동,음식점,패스트푸드,42,4
녹수원글램핑,126.9699271,36.62864572,유구읍,레저/스포츠,캠프장,23,4
녹주맥반석가마찜질방/공주점,127.1575061,36.36199103,계룡면,생활서비스,찜질방,6,2
농업회사법인제이팜스,127.145618,36.39623706,계룡면,음식료,음식료기타,3,1
눈썹달,127.123425,36.45300824,중학동,음식점,한식,6,2
뉴올,127.124479,36.61976698,정안면,업종별기업,제조업,3,1
늘봄/[한식],127.2472482,36.35971404,반포면,음식점,한식,4,2
늘봄정원,127.1003618,36.47208032,우성면,카페,카페기타,25,4
늘푸른교회,127.1221751,36.4572022,웅진동,종교,교회시설,7,3
늘푸른솔,127.0466806,36.58640923,사곡면,음식점,한식,3,1
늘푸른요양원,127.1193975,36.46731214,웅진동,기타의료시설,요양원,6,2
능소야,127.1032324,36.45261927,웅진동,음식점,한식,54,5
능애낚시터,127.08215,36.55474638,정안면,레저/스포츠,낚시,3,1
다담,127.242943,36.36013063,반포면,음식점,한식,46,4
다락방,127.1363681,36.47214502,신관동,음식점,한식,3,1
다래모텔,127.1217584,36.46225717,웅진동,숙박,모텔/여관,3,1
다래원/[한식],127.1128828,36.4590034,웅진동,음식점,한식,3,1
다복수육국밥/공주신관점,127.1416059,36.47327141,신관동,음식점,한식,12,3
다솜차반소서노/[한식],127.1533666,36.46839554,월송동,음식점,한식,26,4
다이소/공주신관점,127.1327733,36.47148814,신관동,생활용품,다이소,845,5
다이소/공주점,127.1245915,36.45695224,웅진동,생활용품,다이소,66,5
달비채카페,127.1576439,36.48122744,월송동,카페,카페기타,3,1
담양골갈비나라,127.2100008,36.43395536,반포면,음식점,한식,3,1
대광고물상,127.1225917,36.46220163,웅진동,업종별기업,업종별기업기타,3,1
대구왕뽈때기,127.133785,36.47120067,신관동,음식점,한식,4,2
대길환경,127.0468211,36.40895726,이인면,업종별기업,업종별기업기타,62,5
대나무집,127.006851,36.5704386,사곡면,음식점,한식,3,1
대동/충남지역본부,127.2460812,36.40126485,반포면,산업시설,산업시설기타,3,1
대박칼국수,127.1323407,36.46922866,신관동,음식점,한식,3,1
대백제전/(공주),127.129984,36.46819792,신관동,관광명소,축제,7212,5
대복상회/동학사점,127.2530803,36.3630086,반포면,음식점,한식,22,4
대성농원,127.0669863,36.373267,이인면,농/어업,농장/농원,3,1
대신윤활유고압호스,127.1321633,36.4712039,신관동,업종별기업,전기가스업,3,1
대신택배/공주금성영업소,127.1228416,36.46231273,웅진동,생활서비스,택배,41,4
대신택배/세종장군영업소,127.169004,36.48453268,월송동,생활서비스,택배,10,3
대양건기,127.167782,36.47528373,월송동,업종별기업,기계,6,2
대왕산삼백숙농원/총본점,127.2597009,36.36892874,반포면,음식점,한식,21,4
대운철강,127.116481,36.47694991,신관동,업종별기업,철강 금속,12,3
대전교육연수원,127.2306104,36.39321012,반포면,교육기관,연수원,160,5
대전별장펜션,127.259969,36.3855445,반포면,숙박,펜션,13,3
대하촌,127.1571998,36.45145306,옥룡동,음식점,전문음식점,12,3
대학로공영주차장,127.1383957,36.47153399,신관동,자동차시설,주차장,80,5
대한사료,127.1320074,36.46986747,신관동,쇼핑기타,농업용품관련,4,2
더덕순대1999,127.1350265,36.47220536,신관동,음식점,한식,9,3
더벨리,127.0219452,36.54863634,사곡면,카페,카페기타,7,3
더보양흑삼삼계탕/공주점,127.1222506,36.46467475,웅진동,음식점,한식,3,1
더쉼펜션,127.2412765,36.35979732,반포면,숙박,펜션,45,4
더자자모텔,127.1291743,36.4702563,신관동,숙박,모텔/여관,10,3
더존펜션,127.2362769,36.35846411,반포면,숙박,펜션,26,4
더크루즈,127.2465214,36.35941816,반포면,카페,카페기타,433,5
더한식품,127.253775,36.39693206,반포면,업종별기업,음식료업,4,2
덕산일렉테라,127.0768923,36.42264293,이인면,업종별기업,제조업,53,4
덕산테코피아/공주사업장,127.079207,36.42545557,금학동,업종별기업,반도체,7,3
덕조사,127.0411532,36.60079644,사곡면,종교,절,3,1
덕지기업,127.0466831,36.30583012,탄천면,업종별기업,업종별기업기타,3,1
덮밥장사장/공주대점,127.137919,36.47197443,신관동,음식점,일식,3,1
도깨비아구찜,127.1328533,36.47186888,신관동,음식점,한식,3,1
도덕봉가든,127.250109,36.3601029,반포면,음식점,전문음식점,55,5
도덕침례교회,127.167531,36.58204932,의당면,종교,교회시설,3,1
도레이첨단소재/유구공장,126.9649471,36.55138857,유구읍,업종별기업,화학,3,1
도미노피자/공주점,127.1318963,36.47072849,신관동,음식점,패스트푸드,25,4
도미노피자/공주점,127.1318963,36.47072849,신관동,음식점,패스트푸드,25,4
도야족발/공주점,127.1383957,36.47800547,월송동,음식점,전문음식점,6,2
도연정,126.9699378,36.55296816,유구읍,음식점,한식,19,4
도화담,127.1692762,36.45769991,월송동,음식점,한식,3,1
돈금정,127.2534143,36.35757543,반포면,음식점,한식,70,5
동경홈마트,127.1398956,36.47367264,신관동,슈퍼/마트,슈퍼/마트 기타,13,3
동곡리노인회관,127.101482,36.50466888,우성면,사회시설,회관,3,1
동곡요양원,127.2644684,36.41331914,반포면,사회시설,사회복지시설,3,1
동네분식,127.1335351,36.4689787,신관동,음식점,분식,6,2
동녘,127.2549137,36.40379239,반포면,음식점,전문음식점,19,4
동림레미콘,126.9841869,36.5140838,신풍면,업종별기업,제조업,3,1
동림아스콘앤레미콘,127.0729575,36.42553885,이인면,업종별기업,제조업,4,2
동명파크,127.1325907,36.46839542,신관동,숙박,모텔/여관,9,3
동신원/[중식],127.0634439,36.36256218,이인면,음식점,중식,73,5
동아리동태찜탕,127.134035,36.47081182,신관동,음식점,한식,9,3
동아전기부품,127.1174801,36.56727294,정안면,업종별기업,업종별기업기타,3,1
동원2리마을회관,126.9704103,36.51602794,신풍면,사회시설,회관,4,2
동원레미콘/세종공장,127.2601632,36.40926402,반포면,업종별기업,건설업,131,5
동원시스템즈/공주공장,127.1230904,36.60107466,정안면,업종별기업,제조업,3,1
동원시스템즈/공주수지공장,127.1268398,36.62185009,정안면,업종별기업,제조업,10,3
동월계곡펜션,127.2597472,36.33763329,반포면,숙박,펜션,3,1
동자굿당,127.1770879,36.34171568,계룡면,종교,절,3,1
동학사,127.2200562,36.35335349,반포면,종교,절,5659,5
동학사1로부대찌개,127.2555192,36.36563686,반포면,음식점,전문음식점,8,3
동학사계곡,127.2320008,36.35655671,반포면,관광명소,폭포/계곡,19,4
동학사농원,127.2478314,36.35851973,반포면,음식점,한식,23,4
동학사벚꽃길,127.2556068,36.36469013,반포면,놀거리,기타,3,1
동학사베이커리,127.2380823,36.35832525,반포면,음식점,제과점,3,1
동학사약국,127.2523437,36.361712,반포면,기타의료시설,약국,6,2
동학사짬뽕/[중식],127.2539367,36.36277509,반포면,음식점,중식,16,4
동학사초가집,127.2580129,36.36399424,반포면,음식점,한식,773,5
동학사풍천장어,127.2586754,36.38247912,반포면,음식점,전문음식점,12,3
동학산장,127.2382767,36.35938069,반포면,숙박,호텔,21,4
동해기계,126.9361633,36.52161044,신풍면,업종별기업,기계,18,4
동해동펜션,127.0218493,36.60676787,유구읍,숙박,펜션,3,1
동해원/[중식],127.1479228,36.45028647,옥룡동,음식점,중식,751,5
동행복권판매점/복권방,127.1331184,36.47183948,신관동,취미/오락,복권,29,4
동행복권판매점/복권방,127.1373958,36.47342266,신관동,취미/오락,복권,3,1
동행복권판매점/슈비엔기능성슈즈,127.1241193,36.45645229,중학동,취미/오락,복권,3,1
동행복권판매점/씨스페이스공주신관점,127.1295354,36.4702563,신관동,취미/오락,복권,3,1
동행복권판매점/아찌라,127.1242304,36.45959082,웅진동,취미/오락,복권,3,1
동행한의원,127.1528386,36.47578507,월송동,의료시설,한의원,13,3
두끼/공주점,127.1408955,36.47345045,신관동,음식점,분식,13,3
두만리마을회관,127.1398116,36.54946955,의당면,사회시설,회관,3,1
두부두부,127.0191834,36.5564125,사곡면,음식점,한식,13,3
들마루,127.1214237,36.61365655,정안면,음식점,전문음식점,19,4
등나무펜션,127.2437207,36.35974179,반포면,숙박,펜션,3,1
등산로식당,127.2139265,36.38341824,반포면,음식점,한식,3,1
디아이지에어가스/공주특수가스공장,127.0722631,36.43273247,금학동,업종별기업,전기가스업,35,4
디어마이아지,127.1296186,36.48805983,신관동,카페,이색카페,7,3
뚜레쥬르/공주신관제일점,127.1358126,36.47342265,신관동,음식점,제과점,10,3
뚜레쥬르/공주신월점,127.1475598,36.47400479,신관동,음식점,제과점,3,1
뚜레쥬르/공주신월점,127.1475598,36.47400479,월송동,음식점,제과점,6,2
뚜레쥬르/공주중앙점,127.1244527,36.45573015,중학동,음식점,제과점,3,1
뚱땡이감자탕,127.1351617,36.44961596,옥룡동,음식점,한식,6,2
뚱보아저씨수제돈가스/공주점,127.1500996,36.47735306,월송동,음식점,전문음식점,6,2
라라코스트/공주점,127.1378402,36.47375595,신관동,음식점,패밀리레스토랑,28,4
라루체,127.2526286,36.35977596,반포면,음식점,전문음식점,109,5
라미그린텍,127.1581715,36.49539249,의당면,건축자재,건축자재기타,104,5
라온요양병원,127.0483435,36.47613808,우성면,의료시설,요양병원,65,5
라임의원,127.1420343,36.4741726,신관동,의료시설,의원,16,4
라임휴로즈마리펜션,127.2655798,36.36290822,반포면,숙박,펜션,9,3
라임휴펜션,127.2658298,36.36299155,반포면,숙박,펜션,13,3
라피스라줄리,127.1561718,36.48164405,월송동,카페,카페기타,7,3
러스틱하우스틈,127.119737,36.45037336,중학동,숙박,게스트하우스,6,2
레드&블루펜션,127.25122,36.36174161,반포면,숙박,펜션,3,1
레퓨지앤스트랭스,127.1221517,36.44969064,중학동,카페,카페기타,19,4
로뎀나무펜션,127.2483405,36.3613454,반포면,숙박,펜션,39,4
로뎀주간보호센터,127.1225362,36.45056407,중학동,사회시설,사회복지시설,6,2
로베펜션,127.2643021,36.36663002,반포면,숙박,펜션,9,3
로보카폴리안전체험공원,127.0990657,36.49442004,신관동,관광명소,관광명소기타,279,5
로젠택배/공주지점,127.1360848,36.49558412,의당면,생활서비스,택배,3,1
로즈하우스펜션,127.2473037,36.36090834,반포면,숙박,펜션,10,3
로즈하우스펜션,127.2473315,36.36079401,반포면,숙박,펜션,18,4
로컬커피,127.1182846,36.45865859,웅진동,카페,카페기타,76,5
로컬파스타,127.1180071,36.45923332,웅진동,음식점,전문음식점,60,5
로컬하우스,127.1180643,36.45866829,웅진동,숙박,숙박기타,6,2
롤링핀/공주점,127.141201,36.47411704,신관동,음식점,제과점,3,1
롯데리아/공주신관점,127.1408298,36.47305191,신관동,음식점,패스트푸드,268,5
롯데리아/공주점,127.1246193,36.45370261,중학동,음식점,패스트푸드,7,3
롯데리아/공주점,127.1246193,36.45370261,중학동,음식점,패스트푸드,3,1
롯데하이마트/공주점,127.1337572,36.47256162,신관동,대형유통점,전자제품판매,72,5
롱디커피,127.197157,36.44414437,월송동,카페,카페기타,282,5
루나무인텔,127.2489979,36.36649105,반포면,숙박,모텔/여관,3,1
루치아의뜰,127.1237814,36.45378955,중학동,카페,카페기타,50,4
류계저수지,127.164754,36.5274722,의당면,관광명소,저수지,3,1
르코티,127.1235113,36.45257472,중학동,카페,카페기타,3,1
리제나호텔,127.1310908,36.47000634,신관동,숙박,모텔/여관,123,5
마곡모텔,127.0181557,36.55707908,사곡면,숙박,모텔/여관,4,2
마곡사,127.0122951,36.55899549,사곡면,종교,절,5987,5
마곡사계곡,127.0152948,36.5594399,사곡면,관광명소,폭포/계곡,4,2
마곡사미식정순두부/[한식],127.0195549,36.55655334,사곡면,음식점,한식,51,4
마곡사불교회관,127.1281744,36.47195055,신관동,종교,종교기타,3,1
마곡사서울식당/[한식],127.0196833,36.55616253,사곡면,음식점,한식,20,4
마곡사힐링펜션캠핑,127.0377094,36.56132871,사곡면,숙박,펜션,14,3
마루호텔,127.1302038,36.47089134,신관동,숙박,모텔/여관,134,5
마세오른,127.2328324,36.403209,반포면,음식점,한식,263,5
마스터플랜스터디카페/공주중동점,127.1243313,36.45474645,중학동,문화생활시설,스터디카페,5,2
마암길희스밀,127.2006548,36.42630049,반포면,음식점,전문음식점,6,2
마음이편한정신과의원,127.1187033,36.44073183,금학동,의료시설,의원,3,1
마이애미/[한식],127.1280357,36.45595237,중학동,음식점,한식,4,2
마치고,127.1226421,36.44911334,중학동,술집,일본선술집,3,1
마티석갈비,127.2598858,36.36929635,반포면,음식점,한식,3,1
만복생고기,127.1341006,36.47084025,신관동,음식점,한식,9,3
만복식당,127.1191199,36.44184282,금학동,음식점,한식,3,1
말재농원,127.223815,36.4109414,반포면,농/어업,농장/농원,358,5
맑은마음병원,127.1265079,36.47147837,신관동,의료시설,의원,25,4
맑은물공원,127.1307269,36.4848635,신관동,관광명소,공원,3,1
맘스터치/공주대신관점,127.1402011,36.47370042,신관동,음식점,패스트푸드,9,3
맘스터치/공주터미널점,127.1344239,36.46936755,신관동,음식점,패스트푸드,3,1
맛나해장국감자탕,127.1313408,36.46986747,신관동,음식점,한식,6,2
맛좋은세상/[한식],127.0144889,36.60962861,유구읍,음식점,한식,18,4
망중한커피앤티,127.1212045,36.45171258,중학동,카페,카페기타,68,5
매향,127.1216159,36.46558509,웅진동,음식점,한식,541,5
맥주깡패,127.1088985,36.45636888,웅진동,술집,술집기타,3,1
먹보,127.1344794,36.47203391,신관동,음식점,한식,5,2
먹보부대찌개,127.1162109,36.45594737,중학동,음식점,전문음식점,3,1
메가박스/공주,127.1388957,36.47356154,신관동,문화생활시설,극장,243,5
메가커피/공주대점,127.1375675,36.47230335,신관동,카페,커피전문점,133,5
메가커피/공주중동점,127.1245082,36.45678559,웅진동,카페,커피전문점,63,5
메리봉봉/공산성점,127.1225937,36.46468362,웅진동,카페,카페기타,9,3
메밀정원,127.2182224,36.42323441,반포면,음식점,한식,47,4
메밀촌,127.1701147,36.51727895,의당면,음식점,일식,3,1
메타세콰이어길,127.1351458,36.49311484,의당면,관광명소,관광명소기타,783,5
명가목재,127.1348127,36.47181171,신관동,건축자재,건축자재기타,3,1
명곡낚시터,126.9391624,36.59912937,유구읍,레저/스포츠,낚시,10,3
명곡리마을회관,126.9487448,36.6026568,유구읍,사회시설,회관,6,2
명도철물건재,127.124036,36.46070181,웅진동,생활서비스,철물점,7,3
명동칼국수샤브샤브/신관동점,127.136757,36.47342265,신관동,음식점,전문음식점,14,3
명륜등심해장국,127.1368403,36.47281161,신관동,음식점,한식,6,2
명륜진사갈비/충남공주점,127.135646,36.47295048,신관동,음식점,한식,32,4
명성모텔,127.1415075,36.36824023,계룡면,숙박,모텔/여관,3,1
명성불고기,126.9509395,36.55427346,유구읍,음식점,한식,4,2
명성불고기,127.1250523,36.4581691,웅진동,음식점,한식,207,5
명신종합건재,127.1172439,36.48079139,신관동,건축자재,건축자재기타,10,3
명신철물마트,127.1177308,36.48039397,신관동,생활서비스,철물점,36,4
명인족발,127.1400069,36.47785388,월송동,음식점,전문음식점,11,3
명작무인텔,127.249109,36.36607443,반포면,숙박,모텔/여관,3,1
명주원,127.2641378,36.41242543,반포면,사회시설,사회복지시설,6,2
명탄서원,127.1564498,36.45853558,월송동,관광명소,문화유적지,6,2
모던스토리/대전세종가구단지점,127.1977768,36.44422125,월송동,가구,가구기타,3,1
모두와펜션,127.2506923,36.35871417,반포면,숙박,펜션,7,3
모든피씨산업,127.045572,36.31682886,탄천면,업종별기업,제조업,6,2
모란반점/[중식],127.1221318,36.53463556,정안면,음식점,중식,3,1
모리의숲,126.9851583,36.59165827,유구읍,숙박,펜션,6,2
모아자원,127.1161188,36.59493644,정안면,중고품,중고품기타,11,3
모을식당,127.12638,36.45653074,웅진동,음식점,한식,7,3
모텔산,127.13068,36.46956993,신관동,숙박,모텔/여관,30,4
목구멍/공주점,127.1367847,36.47314491,신관동,음식점,한식,11,3
목동교회,127.094456,36.37571133,이인면,종교,교회시설,6,2
목천2리경로당,127.1152585,36.51700089,우성면,사회시설,사회복지시설,3,1
목천감리교회,127.1130643,36.50672427,우성면,종교,교회시설,3,1
목향커피,127.1393121,36.49803097,의당면,카페,카페기타,23,4
목화밀면&양꼬치/공주직영점,127.1399233,36.47542244,신관동,음식점,한식,13,3
뫼뜰펜션,127.2554696,36.36174163,반포면,숙박,펜션,3,1
무궁화회관,127.1217509,36.45202758,중학동,음식점,한식,17,4
무령왕릉,127.1138424,36.46225713,웅진동,관광명소,능묘,1864,5
무릉관광펜션,127.1657268,36.4537584,월송동,숙박,펜션,9,3
무모한초밥/공주신관점,127.140221,36.47325703,신관동,음식점,일식,6,2
무인호텔J2,127.2412894,36.35841851,반포면,숙박,모텔/여관,14,3
무조건회센터,127.1323129,36.47097846,신관동,음식료,농수축산물점,10,3
무조건회수산,127.1308409,36.46931198,신관동,음식점,전문음식점,4,2
무지개펜션,127.0227781,36.52709809,사곡면,숙박,펜션,4,2
묵이랑국수랑,127.1231693,36.45608826,중학동,음식점,한식,4,2
문천보건진료소,127.0655119,36.63059873,정안면,의료시설,보건소/지소,3,1
물고기의꿈,127.139194,36.47821941,월송동,음식점,전문음식점,4,2
뮤모텔,127.1436625,36.4625104,신관동,숙박,모텔/여관,81,5
미강펜션,127.2526365,36.36335254,반포면,숙박,펜션,6,2
미락,126.9515228,36.54991285,유구읍,음식점,한식,6,2
미락/신관점,127.1391158,36.47401957,신관동,음식점,한식,3,1
미르섬,127.1277023,36.46720109,신관동,관광명소,섬,1712,5
미세스피베리,127.137118,36.47364485,신관동,카페,커피전문점,52,4
미소담치과의원,127.1250637,36.45639675,중학동,의료시설,의원,9,3
미앤맘산부인과의원,127.1411732,36.47408927,신관동,의료시설,의원,29,4
미원화학/탄천공장,127.0584515,36.29971011,탄천면,산업시설,공장,80,5
민갤러리,127.124842,36.45400428,중학동,문화생활시설,전시장,9,3
민경이네낚지쭈꾸미,127.1358074,36.47297095,신관동,음식점,전문음식점,3,1
민방위대피소/공주월송 흥화하브아파트(지하2층 주차장),127.1510612,36.47847771,월송동,구호/대피소,대피소,3,1
밀목재카페&브런치,127.248319,36.34038457,반포면,음식점,전문음식점,7,3
밀물떼,127.2520255,36.36354696,반포면,숙박,펜션,3,1
바다향굴&복어,127.144784,36.4750614,신관동,음식점,한식,3,1
바디앤솔필라테스/신관점,127.1400067,36.47411704,신관동,레저/스포츠,필라테스,10,3
바디피티/공주점,127.1528388,36.47581136,월송동,레저/스포츠,헬스,57,5
바른정형외과의원,127.1337295,36.46920089,신관동,의료시설,의원,40,4
바른찬,127.1360378,36.47399149,신관동,음식료,반찬가게,22,4
바베큐7892,127.265706,36.36618416,반포면,음식점,한식,26,4
바보아저씨,127.134285,36.4723672,신관동,음식점,전문음식점,48,4
바운스캠프/공주점,127.0829566,36.42801085,금학동,레저/스포츠,캠프장,22,4
바이언드컴퍼니,127.112786,36.57313335,정안면,업종별기업,음식료업,6,2
바이콩즈,127.2561362,36.36549121,반포면,카페,카페기타,302,5
바인밸리,127.0997875,36.53760956,정안면,레저/스포츠,캠프장,53,4
바티안,127.1525616,36.41967887,옥룡동,카페,카페기타,3,1
박동진판소리전수관,127.171254,36.45792462,월송동,문화생활시설,박물관/기념관,17,4
박진숙심리상담센터/공주점,127.1522556,36.47514477,월송동,의료시설,전문클리닉,9,3
박찬호기념관,127.1267024,36.45903535,웅진동,문화생활시설,박물관/기념관,57,5
반촌리마을회관,127.1062316,36.50816851,우성면,사회시설,회관,3,1
반포가든,127.2574414,36.38671102,반포면,음식점,한식,12,3
반포시골집,127.2518584,36.40601435,반포면,음식점,한식,30,4
반포어죽,127.2530529,36.39607104,반포면,음식점,한식,24,4
발리모텔/휴업중,127.2533864,36.36710212,반포면,숙박,모텔/여관,17,4
밤골농장식당,127.1247842,36.6464306,정안면,음식점,한식,24,4
밥꽃하나피었네/[한식],127.1774178,36.3325113,계룡면,음식점,한식,28,4
방일해장국/공주점,127.1315513,36.4700613,신관동,음식점,한식,18,4
방일해장국/옥룡점,127.1218139,36.46500686,웅진동,음식점,한식,26,4
배꼽/[한식],127.1330906,36.4720339,신관동,음식점,한식,53,4
배꼽부엉이,127.1286744,36.47122841,신관동,음식점,한식,3,1
배스킨라빈스/공주신관점,127.1378687,36.47372696,신관동,음식점,패스트푸드,18,4
배스킨라빈스/공주중동점,127.124286,36.4543692,중학동,음식점,패스트푸드,18,4
배이비인후과의원,127.1258692,36.45620233,중학동,의료시설,의원,32,4
백년추어탕,127.158769,36.4772495,월송동,음식점,한식,79,5
백제나루영농조합법인,127.1357847,36.49067068,의당면,업종별기업,음식료업,12,3
백제안과의원,127.1387471,36.474009,신관동,의료시설,의원,20,4
백제오감체험관,127.1114815,36.46236821,웅진동,문화생활시설,전시장,72,5
백제정신과의원,127.1258611,36.45618631,중학동,의료시설,의원,3,1
백제짬뽕/[중식],127.2180835,36.42406764,반포면,음식점,중식,3,1
백제체육관,127.1068153,36.46264593,웅진동,레저/스포츠,운동장/체육관,227,5
백제한의원,127.1462561,36.47461702,신관동,의료시설,한의원,6,2
버킹검모텔,127.1331462,36.46958974,신관동,숙박,모텔/여관,63,5
법성사,127.2492757,36.36388024,반포면,종교,절,3,1
베리베리팜,127.1225912,36.51275142,우성면,업종별기업,음식료업,3,1
베스트필드,127.2575527,36.36585229,반포면,레저/스포츠,캠프장,65,5
베시두즈,127.2592973,36.4067245,반포면,숙박,펜션,3,1
베이커리밤마을,127.1229855,36.46475179,웅진동,음식점,제과점,1000,5
벼슬한우,127.1500573,36.3252393,계룡면,음식점,한식,6,2
별천지가든,127.1349681,36.46787216,신관동,음식점,한식,7,3
별하글램핑,126.9854362,36.57899305,유구읍,레저/스포츠,캠프장,6,2
병사골탐방지원센터,127.257636,36.37146276,반포면,관광명소,명산,3,1
보광암,127.1894757,36.33807727,계룡면,종교,절,6,2
보림정사,127.1206747,36.51511225,우성면,종교,절,3,1
보물리교회,127.127479,36.59032592,정안면,종교,교회시설,3,1
보배반점/공주신관점 [중식],127.1410621,36.47306161,신관동,음식점,중식,22,4
복다방타로카페,127.1225917,36.45520243,중학동,카페,테마카페,4,2
복영정육식당,127.1223913,36.46256293,웅진동,음식점,한식,42,4
복짜장/[중식],127.1213973,36.46456246,웅진동,음식점,중식,13,3
본도시락/공주중동점,127.1244527,36.45645229,중학동,음식점,도시락전문,3,1
본죽/공주신관동점,127.1354237,36.47322822,신관동,음식점,죽,28,4
봄날처럼펜션,127.2449984,36.35860304,반포면,숙박,펜션,7,3
봉곡리커피,127.2263038,36.4030698,반포면,카페,카페기타,6,2
봉리단길,127.1491169,36.47964424,월송동,카페,카페기타,3,1
봉우리,127.1646626,36.44921386,옥룡동,카페,전통찻집,3,1
봉정나래유아숲체험원,127.0929556,36.4392874,금학동,관광명소,체험학습,4,2
봉정동마을회관,127.0873728,36.43298253,금학동,사회시설,회관,7,3
봉황재한옥,127.1200556,36.45079606,중학동,숙박,전통숙소,36,4
봉황지낚시터,127.1032595,36.51780628,우성면,레저/스포츠,낚시,18,4
부띠끄호텔반디,127.2549974,36.36824089,반포면,숙박,모텔/여관,19,4
부엉이식당,127.1431731,36.47272832,신관동,음식점,한식,33,4
부일식품영농조합,127.1920026,36.41406863,계룡면,업종별기업,음식료업,9,3
부자떡집,127.1238416,36.45853539,웅진동,음식점,떡/한과,531,5
부짓집돼지국밥,127.124036,36.4591742,웅진동,음식점,한식,3,1
부흥루/[중식],127.1241749,36.45595235,중학동,음식점,중식,6,2
북경깐풍기/[중식],127.1365185,36.47023557,신관동,음식점,중식,9,3
북경탕수육/공주점,127.1249526,36.45514689,중학동,음식점,중식,141,5
북계2리마을회관,127.1236186,36.54688641,정안면,사회시설,회관,3,1
북촌35제빵소,127.244054,36.35982512,반포면,음식점,제과점,14,3
분반차정다운아지트,127.2361654,36.40176474,반포면,음식점,세계요리,77,5
불끈낙지/공주점,127.1747538,36.4465926,옥룡동,음식점,전문음식점,3,1
불장골저수지,127.2652184,36.39770981,반포면,관광명소,저수지,3,1
브로시스컴,127.1360348,36.46958975,신관동,카페,카페기타,3,1
블랙야크/공주타운점,127.1616158,36.48297726,월송동,의류/직물,스포츠·캐주얼의류,6,2
블랙펄호텔,127.1294799,36.4707007,신관동,숙박,모텔/여관,51,4
비나인동물병원,127.1389478,36.47411375,신관동,기타의료시설,동물병원,6,2
빅스타피자/공주점,127.137368,36.47117291,신관동,음식점,패스트푸드,15,3
빌드켐,127.0455153,36.44573084,우성면,업종별기업,비금속 광물,3,1
빽다방/공주대점,127.1375347,36.47281162,신관동,카페,커피전문점,45,4
뽀빠이식당,127.1303687,36.4692842,신관동,음식점,배달음식점,3,1
뿌띠뿌띠펜션,127.2653299,36.36279712,반포면,숙박,펜션,11,3
삐리리대반점/[중식],127.1214529,36.45525797,중학동,음식점,중식,3,1
사계절육묘장,127.1225079,36.51477896,의당면,농/어업,농/어업기타,3,1
사곡양조원,127.0258222,36.50127994,사곡면,업종별기업,음식료업,47,4
사곡할인마트,127.0250749,36.50329941,사곡면,슈퍼/마트,슈퍼/마트 기타,127,5
사람과나무펜션,127.2502757,36.35854752,반포면,숙박,펜션,4,2
사자김밥,127.1395204,36.47528381,신관동,음식점,분식,6,2
사현1리경로당,127.1274231,36.6267662,정안면,사회시설,사회복지시설,3,1
산골,127.2377945,36.35841897,반포면,음식점,한식,3,1
산골장어앤쌈밥,127.217028,36.42670623,반포면,음식점,전문음식점,3,1
산과별캠핑장,127.0185164,36.59360269,사곡면,레저/스포츠,캠프장,65,5
산구름마을펜션,127.2025573,36.40182009,계룡면,숙박,펜션,4,2
산너머남촌에는펜션,127.2489425,36.35849196,반포면,숙박,펜션,22,4
산성한우불고기,127.123536,36.46111842,웅진동,음식점,한식,16,4
산수맛집,127.2509743,36.36002689,반포면,음식점,한식,15,3
산야초본가식당,127.2444911,36.3603647,반포면,음식점,한식,19,4
삼대째손두부,127.1319241,36.47095068,신관동,음식점,한식,25,4
삼미식당/[한식],127.1234748,36.45463772,중학동,음식점,한식,3,1
삼부자손두부집,127.2483738,36.3602939,반포면,음식점,한식,44,4
삼성스토어/공주신관점,127.1437286,36.47467255,신관동,가전,삼성,9,3
삼성전자서비스/공주센터,127.1437303,36.47467039,신관동,가전,삼성,282,5
삼양세탁소,127.1211474,36.45525797,중학동,생활서비스,세탁소,6,2
삼양소재개발,127.0254895,36.42528861,우성면,업종별기업,기계,8,3
삼양에이알,127.1273132,36.49108725,신관동,업종별기업,기계,3,1
삼우타운24시불가마사우나,127.1454228,36.4769223,신관동,생활서비스,찜질방,67,5
삼이씨앤지,127.0292664,36.49436408,사곡면,업종별기업,건설업,3,1
삼채가,127.1075176,36.48681202,신관동,음식점,한식,3,1
삼첩분식/충남공주점,127.1362292,36.47322823,신관동,음식점,분식,6,2
삼화페인트공업/공주공장,127.0643364,36.30521388,탄천면,업종별기업,화학,271,5
상상무인텔,127.2516558,36.36747524,반포면,숙박,모텔/여관,9,3
상서1리마을회관,127.0855794,36.48370849,우성면,사회시설,회관,3,1
상신계곡펜션,127.2137509,36.38223905,반포면,숙박,펜션,7,3
상운철물,127.1216751,36.45859092,웅진동,생활서비스,철물점,3,1
새롬펜션&캠핑,127.0430212,36.57553463,사곡면,숙박,펜션,4,2
새실교회,127.1269231,36.63476528,정안면,종교,교회시설,4,2
새이학가든,127.1219528,36.46653446,웅진동,음식점,한식,206,5
샤브마니아/공주점,127.128591,36.47236717,신관동,음식점,전문음식점,57,5
샤브쌈주머니/공주점,127.1503668,36.4772834,월송동,음식점,전문음식점,55,5
샤브하우스,127.1402566,36.47356155,신관동,음식점,샤브샤브,9,3
샵17커피,127.141451,36.47689451,신관동,카페,카페기타,9,3
서우마트/공주점,127.1437841,36.47892207,월송동,슈퍼/마트,슈퍼/마트 기타,687,5
서울식당,127.1799615,36.36913957,계룡면,음식점,한식,133,5
서울식당,127.236606,36.35761577,반포면,음식점,한식,5,2
서울안과의원,127.1246471,36.45811877,웅진동,의료시설,의원,14,3
서울칼국수,127.1540332,36.47158963,월송동,음식점,한식,192,5
서울튼튼신경외과의원,127.1230639,36.45856316,웅진동,의료시설,의원,9,3
서진약품,127.04146,36.46145124,우성면,업종별기업,유통업,3,1
서해꽃게장,127.2663853,36.36604676,반포면,음식점,전문음식점,37,4
석장리계절별꽃단지,127.1916968,36.44567614,석장리동,관광명소,관광명소기타,6,2
석장리박물관,127.1896692,36.44759257,월송동,문화생활시설,박물관/기념관,629,5
석장리박물관/방문자센터,127.1883914,36.44758539,월송동,관광명소,관광안내소,3,1
선비꼬마김밥/공주점,127.1469896,36.47453371,신관동,음식점,분식,6,2
선지교회,127.1502,36.49394817,의당면,종교,교회시설,3,1
선학리마을회관,126.9875478,36.49430829,신풍면,사회시설,회관,4,2
설빙/공주점,127.1413399,36.47300606,신관동,카페,카페기타,26,4
성곡사,127.0700126,36.50702954,우성면,종교,절,16,4
성보의원,127.1334796,36.45634125,옥룡동,의료시설,의원,43,4
성인산업,127.0519322,36.35463015,이인면,업종별기업,업종별기업기타,145,5
세븐일레븐/공주대중문점,127.1413677,36.47325603,신관동,대형유통점,편의점,7,3
세븐일레븐/공주신관현대점,127.1356738,36.46697894,신관동,대형유통점,편의점,9,3
세영레미콘,127.1174245,36.5714669,정안면,업종별기업,비금속 광물,6,2
세종공주축산농협/공주가축시장,127.10076,36.49619762,신관동,시장,시장기타,7,3
세종공주축산농협경제사업장,127.1033709,36.49047607,신관동,각종단체,산업별단체,3,1
세종아스콘,127.0885139,36.47357468,우성면,업종별기업,제조업,8,3
세종평화의동산,127.0723735,36.51208453,우성면,종교,교회시설,11,3
세종프라임요양병원,127.1387833,36.57484401,정안면,의료시설,요양병원,58,5
소나무굿당,127.174727,36.34210451,계룡면,생활서비스,생활서비스기타,3,1
소나무한의원,127.1241193,36.45997967,웅진동,의료시설,한의원,3,1
소담정,127.1230638,36.46534016,웅진동,음식점,한식,63,5
소담펜션,127.2426149,36.36025051,반포면,숙박,펜션,3,1
소랭이개울가,127.0769554,36.6266548,정안면,숙박,펜션,18,4
소랭이활성화센터,127.0833992,36.62737698,정안면,문화생활시설,문화생활시설기타,3,1
소망공동체,127.1677546,36.43401066,옥룡동,사회시설,사회복지시설,31,4
소문난떡집,126.9512173,36.55144045,유구읍,음식점,떡/한과,5,2
소여도방,127.2158618,36.38954379,반포면,문화용품,문화용품기타,3,1
손수차림/[한식],127.1521444,36.48086634,월송동,음식점,한식,35,4
솔다리펜션가든,127.03171,36.55435725,사곡면,숙박,펜션,16,4
솔라피데/공주점,127.1546443,36.4718396,월송동,카페,카페기타,14,3
솔반,127.2211111,36.41806835,반포면,음식점,한식,227,5
솔밭가든,127.1911694,36.40904142,계룡면,음식점,한식,3,1
솔밭식당,127.1213331,36.45417145,중학동,음식점,한식,6,2
솔브레인/제2공장,127.0756463,36.43027459,금학동,업종별기업,제조업,3,1
솔브레인/제4공장,127.0740089,36.43347453,금학동,업종별기업,제조업,3,1
솔브레인에스엘디,127.0771,36.4312441,금학동,업종별기업,제조업,67,5
솔브레인홀딩스/공주공장,127.0776793,36.43223256,금학동,업종별기업,반도체,342,5
솔약국,127.1233416,36.45856316,웅진동,기타의료시설,약국,6,2
솔향기,127.2346728,36.40113774,반포면,음식점,한식,6,2
솔향펜션,127.2589035,36.33551916,반포면,숙박,펜션,19,4
송원골프랜드,127.1713927,36.48336616,월송동,레저/스포츠,골프연습장,652,5
솥뚜껑매운탕,127.0472941,36.4792807,사곡면,음식점,한식,1609,5
수리치골성지,126.896028,36.51927714,신풍면,관광명소,문화유적지,100,5
수모텔,127.1303687,36.4692842,신관동,숙박,모텔/여관,83,5
수미가/[중식],127.1324518,36.47156173,신관동,음식점,중식,6,2
수업이끝난오후,127.1374026,36.4722804,신관동,음식점,한식,6,2
수옥,127.0616813,36.36226822,이인면,음식점,한식,3,1
수올,127.1306918,36.62019243,정안면,업종별기업,제조업,7,3
수정옥,127.0266554,36.50119662,사곡면,음식점,중식,6,2
숙골순대,127.1292079,36.47087967,신관동,음식점,한식,6,2
숙성초벌돼지구이정돈가,127.1367856,36.47123867,신관동,음식점,한식,8,3
순풍외과의원,127.1247026,36.45934085,웅진동,의료시설,의원,3,1
숭덕전,127.1125648,36.46259041,웅진동,관광명소,문화유적지,4,2
숯불화로최고집,127.136257,36.4715062,신관동,음식점,한식,45,4
숲너울,127.0128396,36.64599933,유구읍,카페,카페기타,450,5
숲카페,127.2373601,36.3597973,반포면,카페,카페기타,46,4
슈엔챠이/공주점 [중식],127.1327868,36.47242388,신관동,음식점,중식,59,5
스마일모텔,127.1330907,36.46920089,신관동,숙박,모텔/여관,6,2
스시카페고노,127.178738,36.44479307,옥룡동,음식점,일식,3,1
스타벅스/공주DT점,127.1429231,36.46820106,신관동,카페,커피전문점,1080,5
스타벅스/공주동학사DT점,127.2535531,36.36338032,반포면,카페,커피전문점,720,5
스타벅스/공주신관점,127.1400622,36.47464475,신관동,카페,커피전문점,240,5
스테이오안,127.257208,36.36308481,반포면,숙박,펜션,3,1
스테이인터뷰/공주점,127.1215871,36.45727727,웅진동,숙박,펜션,6,2
시골밥상,127.1423408,36.36226869,계룡면,음식점,한식,3,1
시골풍경꽃게장,127.2535532,36.35829757,반포면,음식점,전문음식점,3,1
시드니모텔,127.1303964,36.47008966,신관동,숙박,모텔/여관,69,5
시장정육점식당,127.1222621,36.46587358,웅진동,음식점,한식,586,5
식탐,127.1376837,36.47658193,신관동,음식점,한식,23,4
신계룡산갑사펜션,127.178469,36.37332044,계룡면,숙박,펜션,12,3
신관감리교회,127.1410343,36.47489473,신관동,종교,교회시설,3,1
신관공영주차장,127.1354515,36.47211724,신관동,자동차시설,주차장,46,4
신관동공영주차장,127.1291465,36.47175613,신관동,자동차시설,주차장,20,4
신관동공원공영주차장,127.1358963,36.47268733,신관동,자동차시설,주차장,269,5
신관동성당,127.1483392,36.47542249,신관동,종교,성당시설,8,3
신관동성당,127.1483392,36.47542249,월송동,종교,성당시설,21,4
신관동쌈지공영주차장,127.1322296,36.46897869,신관동,자동차시설,주차장,3,1
신관어씨네/[한식],127.1353347,36.47136614,신관동,음식점,한식,5,2
신관연합정형외과의원,127.1420343,36.47420037,신관동,의료시설,의원,73,5
신관짬뽕/[중식],127.1316433,36.47178416,신관동,음식점,중식,437,5
신기1통마을회관,127.1510895,36.42206748,옥룡동,사회시설,회관,6,2
신대신암굿당,127.2090566,36.41120795,반포면,종교,종교기타,15,3
신미가짬뽕/[중식],127.2521537,36.36130959,반포면,음식점,중식,155,5
신성강건,127.1245345,36.6204058,정안면,업종별기업,업종별기업기타,22,4
신아양행,127.0321553,36.45264664,우성면,업종별기업,의료정밀,3,1
신야춘추,127.2359156,36.38257248,반포면,음식점,한식,16,4
신영2리마을회관,127.024878,36.48103225,사곡면,사회시설,회관,3,1
신원사,127.1839484,36.3357164,계룡면,종교,절,700,5
신원사대웅전,127.1839407,36.33571485,계룡면,관광명소,문화유적지,3,1
신율농장,127.1090639,36.59924146,정안면,농/어업,농장/농원,11,3
신일팜글라스,127.0713465,36.43195478,금학동,업종별기업,비금속 광물,3,1
신전떡볶이/공주신관점,127.1408122,36.47403372,신관동,음식점,분식,6,2
신짬뽕/[중식],127.1337852,36.45261945,옥룡동,음식점,중식,3,1
신천지예수교증거장막성전/공주교회,127.1217028,36.46395142,웅진동,종교,교회시설,6,2
신풍보건지소,126.9578559,36.51530573,신풍면,의료시설,보건소/지소,6,2
신풍성결교회,126.9562727,36.51369479,신풍면,종교,교회시설,3,1
신풍휴게소/당진방향 [당진상주선],126.9994355,36.51972213,신풍면,교통시설,고속도로휴게소,9,3
신풍휴게소/상주방향 [당진상주선],126.9962413,36.52316616,신풍면,교통시설,고속도로휴게소,3,1
신화환경개발,127.0485717,36.31749547,탄천면,업종별기업,업종별기업기타,27,4
신흥리마을회관,127.0632642,36.39845855,이인면,사회시설,회관,4,2
십전갈비탕,127.2518888,36.35947931,반포면,음식점,한식,71,5
십전육빔,127.2531643,36.35796427,반포면,음식점,한식,3,1
싸리골,127.2286086,36.40153086,반포면,음식점,한식,48,4
쌍신동마을회관,127.1160643,36.48025509,신관동,사회시설,회관,6,2
썬더치킨/공주대점,127.1367452,36.47259526,신관동,음식점,치킨,4,2
쎄쎄/[중식],126.9546058,36.55080165,유구읍,음식점,중식,3,1
쏘카존/공주종합버스터미널옆,127.1339517,36.46814546,신관동,자동차시설,렌트카,9,3
아람누리펜션,127.2059735,36.42034578,반포면,숙박,펜션,3,1
아름다운십자가기도원,127.2644688,36.36335261,반포면,종교,교회시설,3,1
아리랑도매마트,126.9526616,36.55096829,유구읍,슈퍼/마트,슈퍼/마트 기타,3,1
아세아산업개발,127.0400157,36.45761834,우성면,업종별기업,제조업,24,4
아이러브팜핑,127.1162573,36.64001462,정안면,관광명소,체험학습,218,5
아이맘스튜디오,127.1228973,36.45267494,중학동,생활서비스,사진관,3,1
아트센터고마,127.1078429,36.46650661,웅진동,문화생활시설,문화센터,164,5
알밤에반한한우,127.1227773,36.46614616,웅진동,음식점,한식,100,5
알보젠코리아,127.1257288,36.62190563,정안면,업종별기업,의약품,6,2
알파문구/공주점,127.1214251,36.45639673,중학동,문화용품,문구/화방,3,1
압구정모텔,127.129952,36.47028408,신관동,숙박,모텔/여관,6,2
앙상블모텔,127.1289244,36.4702563,신관동,숙박,모텔/여관,52,4
애터미/본사,127.110815,36.45511903,웅진동,가방/액세서리,화장품,130,5
애터미/오롯,127.1231459,36.60265782,정안면,업종별기업,음식료업,898,5
애터미아자,127.142312,36.47936645,월송동,업종별기업,업종별기업기타,4,2
애터미파크,127.1107957,36.4549789,웅진동,업종별기업,유통업,329,5
야미마라탕/[중식],127.140161,36.4748026,신관동,음식점,중식,3,1
야옹아멍멍해봐/충남공주점,127.1327296,36.47045075,신관동,생활서비스,애견센터,3,1
약선추어탕,127.1425342,36.47958865,월송동,음식점,한식,3,1
양달가든,127.0933228,36.48014404,우성면,음식점,한식,142,5
양반찜갈비,127.1232583,36.45536908,중학동,음식점,한식,17,4
양쯔강/[중식],127.1221015,36.44293942,금학동,음식점,중식,3,1
양평칼국수,127.1215918,36.45953526,웅진동,음식점,한식,3,1
양평할매해장국,127.1347849,36.47036743,신관동,음식점,한식,22,4
어가명가/공주본점,127.142144,36.48016895,월송동,음식점,한식,36,4
어가명가/왕촌점,127.1647825,36.44903671,옥룡동,음식점,한식,6,2
어도활어참치,127.1426731,36.47495029,신관동,음식점,전문음식점,22,4
어물리마을회관,127.1412554,36.60313009,정안면,사회시설,회관,3,1
어물전밥상,127.1075653,36.45517456,웅진동,음식점,한식,28,4
어부나라/유구점,126.9525227,36.54991285,유구읍,음식점,한식,7,3
어부회포차,127.1352472,36.47143608,신관동,음식점,전문음식점,3,1
어사또,127.1315212,36.4713654,신관동,음식점,한식,10,3
어썸845,127.2443595,36.3594085,반포면,카페,카페기타,145,5
어씨네본가,127.2092231,36.4343442,반포면,음식점,한식,61,5
어울림펜션,126.988186,36.5699941,유구읍,숙박,펜션,3,1
얼큰이칼국수,127.1330073,36.47839429,월송동,음식점,한식,24,4
엄마밥,127.108954,36.45623001,웅진동,음식점,한식,3,1
에그멍이냥,127.1388679,36.47450587,신관동,취미/오락,애완/관상,3,1
에덴모텔,127.1306742,36.47006189,신관동,숙박,모텔/여관,28,4
에스무인텔,127.2540761,36.36764374,반포면,숙박,모텔/여관,25,4
에어산,127.2515986,36.36604303,반포면,카페,카페기타,1404,5
에이치모텔,127.143812,36.46142406,신관동,숙박,모텔/여관,49,4
에코스타일,127.1154803,36.56363445,정안면,건축관련,건축관련기타,3,1
엔씨켐/정안공장,127.131645,36.62098911,정안면,업종별기업,화학,32,4
엔젤소아청소년과의원,127.1412432,36.47413709,신관동,의료시설,의원,126,5
엔학고레,127.2659128,36.39809866,반포면,카페,카페기타,1544,5
엠씨솔루션/1공장,127.0746304,36.4341296,금학동,업종별기업,화학,3,1
엠에스머트리얼즈,127.0987323,36.50191918,우성면,업종별기업,전기가스업,6,2
여성긴급전화1366/충남센터,127.1528221,36.47579134,월송동,사회시설,사회복지시설,3,1
여정/[한식],127.2657465,36.36363037,반포면,음식점,한식,25,4
여호와의증인의왕국회관,127.1291746,36.44073189,금학동,종교,종교기타,6,2
역전할머니맥주/공주대점,127.1362848,36.47275606,신관동,술집,술집기타,33,4
연미산자연미술공원,127.1025933,36.47356133,우성면,관광명소,공원,323,5
연세내과의원,127.1338087,36.47175455,신관동,의료시설,의원,24,4
연세탑내과의원,127.1387359,36.47400577,신관동,의료시설,의원,32,4
연종캠핑장,127.0026773,36.60051691,유구읍,레저/스포츠,캠프장,72,5
연천봉,127.1915865,36.35002037,계룡면,관광명소,명산,6,2
연춘당한의원,127.1222862,36.45473026,중학동,의료시설,한의원,16,4
영명사,127.1275357,36.46039631,웅진동,종교,절,4,2
영빈관,127.1075374,36.46464571,웅진동,술집,민속주점,13,3
영상대감,127.0999955,36.48300146,우성면,음식점,한식,8,3
영우네캠핑장,127.0348769,36.49625279,사곡면,레저/스포츠,캠프장,86,5
영진식당,127.1235916,36.45881811,웅진동,음식점,한식,7,3
영천한우촌,127.1394393,36.47858805,월송동,음식점,한식,4,2
예가,127.1432843,36.46195178,신관동,음식점,한식,190,5
예가촌,127.1212674,36.46363961,웅진동,음식점,한식,68,5
옛공주읍사무소,127.1219654,36.4544397,중학동,관광명소,문화유적지,59,5
옛날배씨네집,127.2096851,36.43435928,반포면,음식점,전문음식점,3,1
옛날어씨네집,127.2098318,36.4342873,반포면,음식점,한식,3,1
옛날팥죽집,127.1228694,36.45820209,웅진동,음식점,한식,3,1
옛집감자탕,127.1346183,36.47414478,신관동,음식점,한식,4,2
오늘은짬뽕/[중식],127.1352657,36.46891124,신관동,음식점,중식,15,3
오라클피부과의원/공주산성점,127.1252026,36.45847984,웅진동,의료시설,의원,17,4
오렌지모텔,127.121564,36.46217385,웅진동,숙박,모텔/여관,3,1
오리랑닭이랑,127.0299361,36.53581829,사곡면,음식점,한식,3,1
오마트,127.1428408,36.35751923,계룡면,슈퍼/마트,슈퍼/마트 기타,10,3
오미돌솥쌈밥,127.2420816,36.35960599,반포면,음식점,한식,22,4
오버패스,127.1368661,36.49503158,의당면,카페,카페기타,25,4
오브데이자르다/공주점,127.1393974,36.47301878,신관동,생활서비스,미용실,3,1
오성숯불갈비평양냉면/유구본점,126.9514394,36.55641211,유구읍,음식점,한식,3,1
오인교회,127.1214245,36.53083268,의당면,종교,교회시설,3,1
오인리마을회관,127.1203968,36.52891622,의당면,사회시설,회관,3,1
오조커피,127.1406927,36.49805209,의당면,카페,카페기타,54,5
옥룡동게이트볼장,127.137903,36.45941107,옥룡동,레저/스포츠,레저/스포츠기타,3,1
옥성교회,127.0816786,36.46409006,우성면,종교,교회시설,3,1
온기,127.1382738,36.47660549,신관동,카페,카페기타,6,2
온누리노인복지센터,127.1915297,36.48800464,월송동,사회시설,사회복지시설,3,1
온더기와,127.2467206,36.34063287,반포면,카페,카페기타,298,5
온천손칼국수,127.2564415,36.38673879,반포면,음식점,한식,281,5
올데이짐,127.1496169,36.47711675,월송동,레저/스포츠,헬스,79,5
올리브영/공주대점,127.1375347,36.4720617,신관동,생활용품,드럭스토어,103,5
올리브영/공주중동점,127.1248693,36.45584126,중학동,생활용품,드럭스토어,3,1
옹골,127.1571261,36.47782007,월송동,음식점,한식,3,1
옹달샘농원,127.1334239,36.47339486,신관동,음식료,반찬가게,3,1
와우컴퓨터,127.1337017,36.47361706,신관동,컴퓨터,컴퓨터기타,3,1
와플대학/공주신관캠퍼스,127.1375347,36.47247832,신관동,카페,카페기타,3,1
왕천파닭,127.1345072,36.46961752,신관동,음식점,치킨,4,2
왕촌명가,127.1671382,36.4475554,옥룡동,음식점,전문음식점,3,1
왕촌어버이의집,127.170921,36.42323413,옥룡동,사회시설,사회복지시설,3,1
왕축밤상회,127.1228138,36.46356258,웅진동,음식료,농수축산물점,6,2
왕흥교회,127.1861698,36.40623616,계룡면,종교,교회시설,3,1
외가집,127.1477833,36.51902862,의당면,음식점,한식,3,1
요룡저수지,127.1397562,36.52980512,의당면,관광명소,저수지,10,3
욜로낚시터식당,127.1318416,36.37407284,계룡면,레저/스포츠,낚시,6,2
용궁칼국수샤브샤브,127.1338684,36.47089515,신관동,음식점,한식,3,1
용봉농원,127.0234787,36.44913609,우성면,농/어업,농장/농원,4,2
용봉보건진료소,127.0211009,36.44153673,우성면,의료시설,보건소/지소,3,1
용인백암순대국/공주유구점,126.9511466,36.55254658,유구읍,음식점,한식,3,1
용짬뽕/[중식],126.9536337,36.55024616,유구읍,음식점,중식,3,1
우금티전적알림터,127.1122883,36.43362407,금학동,문화생활시설,전시장,3,1
우리동네사진관가야,127.1250915,36.45889646,웅진동,생활서비스,사진관,11,3
우리들약국,127.1327018,36.46903424,신관동,기타의료시설,약국,3,1
우리면옥,127.1205363,36.45628562,중학동,음식점,한식,6,2
우리이비인후과의원,127.1420065,36.47414482,신관동,의료시설,의원,28,4
우림한의원,127.1230639,36.4588409,웅진동,의료시설,한의원,3,1
우먼패키지,127.1464073,36.50295703,의당면,업종별기업,제조업,19,4
우미참치,127.134035,36.46992304,신관동,음식점,전문음식점,10,3
우성관/[중식],127.0512368,36.4702003,우성면,음식점,중식,88,5
우성낚시캠핑장,127.0863848,36.47306886,우성면,레저/스포츠,낚시,24,4
우성해물칼국수,127.089521,36.47636391,우성면,음식점,한식,7,3
우시장국밥,127.1341183,36.46958974,신관동,음식점,한식,107,5
우주농원,127.1292846,36.56741188,정안면,농/어업,농장/농원,102,5
우주카츠,127.1393956,36.47342267,신관동,음식점,전문음식점,13,3
우즈베이커리/공주점,127.0936776,36.45884073,우성면,음식점,제과점,408,5
우진레미콘,127.2611354,36.40759755,반포면,업종별기업,건설업,25,4
우케타,127.1344853,36.47228246,신관동,음식점,일식,3,1
우탕가마,127.1396178,36.47872762,월송동,음식점,한식,3,1
운광설렁탕,127.1317407,36.45603046,옥룡동,음식점,한식,13,3
웅비탑,127.1105998,36.47065677,웅진동,관광명소,탑,15,3
웅진계량소,127.1333683,36.47917198,월송동,업종별기업,업종별기업기타,3,1
웅진문구상사,127.135299,36.4729491,신관동,문화용품,문구/화방,3,1
웅진백제역사관,127.1126759,36.46047954,웅진동,문화생활시설,박물관/기념관,9,3
웅진식당,127.1333684,36.46903424,신관동,음식점,한식,4,2
웅진식품/유구공장,126.9663548,36.55182938,유구읍,업종별기업,음식료업,32,4
원가네햇촌농원,127.0228026,36.47747807,사곡면,농/어업,농장/농원,46,4
원가네햇촌농원,127.0230112,36.47767629,사곡면,농/어업,농장/농원,20,4
원더팜,127.0584014,36.63418161,정안면,여행/레저기타,여행/레저기타,15,3
원마트,127.1077091,36.45579124,웅진동,슈퍼/마트,슈퍼/마트 기타,37,4
원조설악추어탕,127.1228824,36.4637597,웅진동,음식점,한식,3,1
원진노기순청국장,127.122873,36.46563257,웅진동,음식점,한식,75,5
월곡저수지,127.1520606,36.53960963,의당면,관광명소,저수지,3,1
월드무인텔,127.2514144,36.36721321,반포면,숙박,모텔/여관,3,1
월미농공단지,127.1020655,36.48986502,월미동,산업시설,농공단지,16,4
월미침례교회,127.1088704,36.49258697,신관동,종교,교회시설,3,1
월송석산,127.1613659,36.47108973,월송동,업종별기업,업종별기업기타,4,2
유가네칼국수,127.1281028,36.4423246,금학동,음식점,한식,401,5
유가네칼국수/공주반포직영점,127.2204445,36.41387438,반포면,음식점,한식,47,4
유계리마을회관,127.1638931,36.51505695,의당면,사회시설,회관,6,2
유계저수지,127.1639763,36.52602792,의당면,관광명소,저수지,7,3
유구색동수국정원,126.9543836,36.55546779,유구읍,관광명소,공원,118,5
유구색동수국정원공영주차장,126.9515228,36.55116271,유구읍,자동차시설,주차장,14,3
유구시생인견,126.9466898,36.55602323,유구읍,업종별기업,섬유의복,3,1
유구시장,126.9517727,36.55319025,유구읍,시장,재래시장,145,5
유구전통시장광장공영주차장,126.951889,36.55328432,유구읍,자동차시설,주차장,23,4
유구정육식당,126.9515388,36.55334709,유구읍,음식점,한식,3,1
유구천,126.9616051,36.55996731,유구읍,관광명소,관광명소기타,3,1
유구터미널공영주차장,126.9535782,36.550635,유구읍,자동차시설,주차장,9,3
유구핑크뮬리정원,126.956107,36.549649,유구읍,관광명소,관광명소기타,454,5
유나인버거조인트,126.9516201,36.55259136,유구읍,음식점,패스트푸드,3,1
유룡복지회관,127.0474305,36.5957415,사곡면,사회시설,회관,3,1
유성복집/동학사점,127.2535531,36.36399136,반포면,음식점,전문음식점,4,2
유천냉면/공주점,127.1225083,36.46436805,웅진동,음식점,한식,9,3
유하리마을회관,126.994243,36.34576972,탄천면,사회시설,회관,3,1
으뜸플러스안경/충남공주점,127.1353233,36.47292905,신관동,가방/액세서리,안경,3,1
은개골역사공원,127.1317575,36.46092405,옥룡동,관광명소,공원,3,1
은구비앤로스팅팩토리,127.1668379,36.43798243,옥룡동,카페,카페기타,241,5
은성불고기,127.1524222,36.48108854,월송동,음식점,한식,47,4
은성장어가/공주점,127.1899801,36.44224951,옥룡동,음식점,전문음식점,6,2
은적펜션,127.0040365,36.5955363,유구읍,숙박,펜션,3,1
을지가정의학과의원,127.1459783,36.47697786,신관동,의료시설,의원,12,3
의정부부대찌개,127.1251588,36.45444149,중학동,음식점,전문음식점,6,2
이가네한우정육식당,127.1491169,36.47964424,월송동,음식점,한식,27,4
이기에스프레스,127.110504,36.4582453,웅진동,카페,카페기타,3,1
이누인,127.2630711,36.36643612,반포면,카페,이색카페,3,1
이대주바지락소고기샤브샤브칼국수,127.1216166,36.45888569,웅진동,음식점,한식,13,3
이디야커피/공주신관점,127.1415899,36.47295051,신관동,카페,커피전문점,3,1
이디야커피/공주월송동점,127.1529222,36.47586691,월송동,카페,커피전문점,13,3
이디야커피/공주중동점,127.1255359,36.45631343,중학동,카페,커피전문점,3,1
이디야커피/동학사점,127.2375546,36.3582697,반포면,카페,커피전문점,3,1
이마트24/공주공산성점,127.1227305,36.46389588,웅진동,대형유통점,편의점,4,2
이뭐꼬,127.2513175,36.360618,반포면,음식점,한식,29,4
이미정갤러리,127.1226195,36.45250829,중학동,문화생활시설,화랑/전시관,3,1
이범식이비인후과의원,127.1408121,36.47404759,신관동,의료시설,의원,15,3
이범식이비인후과의원,127.1408122,36.47403372,신관동,의료시설,의원,16,4
이비가짬뽕/공주점 [중식],127.1405344,36.4768945,신관동,음식점,중식,24,4
이삭토스트/공주대점,127.1379235,36.47070075,신관동,음식점,패스트푸드,6,2
이선헤어,127.1330906,36.47622787,신관동,생활서비스,미용실,3,1
이소도예,127.2152785,36.3899604,반포면,업종별기업,비금속 광물,6,2
이안숲속,127.2002795,36.42195667,반포면,관광명소,동식물원,51,4
이인휴게소/천안방향 [천안논산선],127.0696263,36.35274574,이인면,교통시설,고속도로휴게소,22,4
이지워시셀프빨래방/신관점,127.1328962,36.47539463,신관동,생활서비스,세탁소,9,3
이화가든,127.1613391,36.36515736,계룡면,음식점,한식,9,3
이화원/[중식],127.1430341,36.48000527,월송동,음식점,중식,9,3
인물스튜디오,127.1349516,36.4729227,신관동,생활서비스,사진관,9,3
인생초밥집,127.1374513,36.47345043,신관동,음식점,일식,3,1
인정식당,127.1393259,36.50350575,의당면,음식점,한식,3,1
인향펜션,127.2493591,36.35843642,반포면,숙박,펜션,4,2
일등약국,127.1411732,36.47408927,신관동,기타의료시설,약국,54,5
일락농장,127.1149784,36.44745217,웅진동,농/어업,농장/농원,3,1
일월관광농원,127.0412386,36.3645734,이인면,레저/스포츠,관광농원,4,2
임립미술관,127.1398407,36.3961537,계룡면,문화생활시설,미술관,95,5
임성욱비뇨기과의원,127.137118,36.47433922,신관동,의료시설,의원,3,1
자담치킨/공주신관점,127.1344239,36.47183949,신관동,음식점,치킨,3,1
자연골농원,127.1381176,36.51425133,의당면,음식점,한식,50,4
자연과환경,127.0459597,36.4469807,우성면,업종별기업,업종별기업기타,3,1
자연농원낚시터,127.1200073,36.60318552,정안면,레저/스포츠,낚시,138,5
자연농장,127.2623579,36.36715772,반포면,음식점,한식,18,4
자연속으로펜션&찻집,127.162089,36.36943465,계룡면,숙박,펜션,3,1
장가네밤짜장,127.2511919,36.39793193,반포면,음식점,중식,5,2
장군봉공영주차장,127.2542777,36.36572213,반포면,자동차시설,주차장,12,3
장금이네,126.9510261,36.5488062,유구읍,음식점,한식,6,2
장내과의원,127.1241392,36.45992232,웅진동,의료시설,의원,4,2
장수숯불갈비,127.1377846,36.47758885,월송동,음식점,한식,6,2
장수해물보쌈손칼국수,127.1213127,36.61132348,정안면,음식점,한식,3,1
장순루,127.1428963,36.35932458,계룡면,음식점,중식,126,5
장순루/[중식],127.1241226,36.45488699,중학동,음식점,중식,35,4
장승마을카라반,127.021872,36.557612,사곡면,레저/스포츠,캠프장,10,3
장원보건진료소,127.1263403,36.57746627,정안면,의료시설,보건소/지소,3,1
장자본가,127.2533309,36.36426911,반포면,음식점,한식,6,2
장자집국밥,127.2514422,36.36499124,반포면,음식점,한식,3,1
장풍짜장/[중식],127.05307,36.46958927,우성면,음식점,중식,3,1
장풍짜장/[중식],127.1219251,36.45842428,웅진동,음식점,중식,31,4
저스트스테이호텔/공주신관점,127.1321741,36.46939531,신관동,숙박,호텔,24,4
전원일기,127.1586518,36.48125609,월송동,음식점,한식,16,4
전자랜드프라이스킹/공주점,127.1321463,36.47081181,신관동,대형유통점,전자제품판매,3,1
전주옥/공주점,127.1317369,36.47084871,신관동,음식점,한식,13,3
전통궁중칼국수,127.1569367,36.4556619,월송동,음식점,한식,777,5
전통옛터국밥,127.2517881,36.36368345,반포면,음식점,한식,16,4
정겨운감나무집,127.1252611,36.45619031,중학동,음식점,한식,12,3
정관장/충청공주점,127.1243694,36.45270272,중학동,음식료,건강식품,3,1
정관장/충청신관점,127.1335628,36.47233942,신관동,음식료,건강식품,10,3
정다운신경과의원,127.1246193,36.458091,웅진동,의료시설,의원,3,1
정다운아지트,127.2361377,36.40176474,반포면,음식점,세계요리,51,4
정담치과의원,127.1522833,36.47517254,월송동,의료시설,의원,3,1
정담펜션,127.2513031,36.38457234,반포면,숙박,펜션,4,2
정돈가,127.145399,36.47270533,신관동,음식점,한식,7,3
정문약국,127.1243138,36.45248052,중학동,기타의료시설,약국,3,1
정안골양푼이동태찌개,127.1226381,36.61086856,정안면,음식점,한식,8,3
정안글램핑,127.1234863,36.61071912,정안면,레저/스포츠,캠프장,44,4
정안농공단지,127.1252567,36.62035025,정안면,산업시설,농공단지,3,1
정안농협산지유통센터,127.1182577,36.5703837,정안면,음식료,농수축산물점,3,1
정안보건지소,127.1201128,36.60872524,정안면,의료시설,보건소/지소,3,1
정안알밤농원,127.1159247,36.55602421,정안면,농/어업,농장/농원,3,1
정안알밤휴게소/순천방향 [천안논산선],127.1121472,36.57118913,정안면,교통시설,고속도로휴게소,436,5
정안알밤휴게소/천안방향 [천안논산선],127.1151591,36.56970386,정안면,교통시설,고속도로휴게소,333,5
정안일품축산,127.1213404,36.61076799,정안면,음식료,정육점,3,1
정안천생태공원,127.1346734,36.49105518,의당면,관광명소,공원,54,5
정원엔지니어링,127.1080925,36.50908508,우성면,업종별기업,건설업,6,2
정호산업,127.0946773,36.48267135,우성면,업종별기업,비금속 광물,3,1
제민천1길노상공영주차장,127.1223417,36.4572022,웅진동,자동차시설,주차장,34,4
제이팜스/제2공장,127.0755971,36.314246,탄천면,업종별기업,제조업,9,3
제일농장식당,127.1455895,36.47814439,월송동,음식점,한식,6,2
제일행복한교회,127.1641159,36.44534268,옥룡동,종교,교회시설,3,1
제임스아르더/1호점,127.1375902,36.47147843,신관동,생활서비스,미용실,15,3
제주유기농쌈밥촌/유구점,126.9511071,36.54661654,유구읍,음식점,한식,12,3
조가네연탄불생고기,127.1311133,36.47120582,신관동,음식점,한식,10,3
조마루감자탕/공주점,127.1430897,36.47489474,신관동,음식점,한식,33,4
조선갈비,127.1364514,36.47189505,신관동,음식점,한식,3,1
조으다헤어/공주점,127.1378402,36.47372818,신관동,생활서비스,미용실,3,1
조은산업개발,127.1198977,36.43689894,금학동,업종별기업,건설업,9,3
족발신선생/공주점,127.1371444,36.47256976,신관동,음식점,전문음식점,15,3
족발야시장/공주신관점,127.1368346,36.47293822,신관동,음식점,전문음식점,3,1
종로약국,127.1465339,36.47395043,신관동,기타의료시설,약국,3,1
좋은날,127.1268413,36.45450809,중학동,음식점,한식,3,1
좌표집,127.1439229,36.47806105,신관동,음식점,한식,4,2
주미동노인회관,127.1022327,36.42290044,금학동,사회시설,회관,3,1
주봉마을우렁촌,127.0870074,36.40010775,이인면,음식점,한식,51,4
주봉마을우렁촌,127.087012,36.40009739,이인면,음식점,한식,15,3
주원장밤짜장/[중식],127.0630278,36.47427718,우성면,음식점,중식,119,5
주은라파스요양병원,127.0575156,36.29166513,탄천면,의료시설,요양병원,103,5
중동공영주차타워,127.1257026,36.45484137,중학동,자동차시설,주차장,48,4
중동오뎅집,127.1236472,36.4520639,중학동,음식점,분식,52,4
중부산업,127.1521166,36.48589354,월송동,업종별기업,제조업,4,2
중앙분식,127.1227102,36.4553504,중학동,음식점,분식,60,5
중앙서림,127.1369792,36.47428367,신관동,문화용품,서적브랜드,7,3
중앙약국,127.1247304,36.45847984,웅진동,기타의료시설,약국,7,3
중앙의원,126.9508839,36.5530236,유구읍,의료시설,의원,3,1
중앙회관,126.9516894,36.55377352,유구읍,음식점,한식,3,1
중장1구마을회관,127.1752408,36.37352419,계룡면,사회시설,회관,3,1
중장리농촌체험휴양마을,127.1651014,36.36859484,계룡면,관광명소,체험학습,53,4
중흥저수지,127.172364,36.57338367,의당면,관광명소,저수지,11,3
지글지글공주알밤막창,127.1362132,36.47243154,신관동,음식점,전문음식점,4,2
지씨테크/공주공장,127.0771796,36.39315368,이인면,건축자재,건축자재기타,77,5
지유테크,127.0237685,36.30008065,탄천면,업종별기업,기계,6,2
진성아구찜/공주점,127.1341082,36.45310287,옥룡동,음식점,한식,29,4
진짜무쇠삼겹/공주점,127.1366459,36.47225612,신관동,음식점,한식,40,4
진흥가든/[한식],127.1764488,36.3741842,계룡면,음식점,한식,3,1
진흥각/[중식],127.1234806,36.45270272,중학동,음식점,중식,128,5
집쿡꼬마김밥,127.132942,36.47585684,신관동,음식점,분식,6,2
착한낙지/공주점,127.1580883,36.48103302,월송동,음식점,전문음식점,13,3
찰방복지회관,127.0653878,36.36182589,이인면,사회시설,사회복지시설,42,4
참조은에스에프/공주정안공장,127.1289508,36.61782279,정안면,업종별기업,음식료업,16,4
천년갈비,127.1722451,36.4843635,월송동,음식점,한식,55,5
천마승마목장,127.0801238,36.39384806,이인면,레저/스포츠,승마장,8,3
천안논산고속도로/본사,127.0881229,36.42245596,금학동,업종별기업,건설업,11,3
천연황토알밤농장,127.1372558,36.59899165,정안면,농/어업,농장/농원,9,3
천일상사,127.1237305,36.46142394,웅진동,업종별기업,업종별기업기타,24,4
천주교교동교회,127.1210641,36.45673002,웅진동,종교,성당시설,3,1
천주교유구성당,126.9502451,36.55185706,유구읍,종교,성당시설,11,3
청년다방/공주중동점,127.1248415,36.45586903,중학동,음식점,분식,4,2
청담솔호텔,127.2533728,36.3674362,반포면,숙박,모텔/여관,21,4
청둥오리랑닭이랑,127.1214806,36.46315881,웅진동,음식점,전문음식점,13,3
청룡손짜장/[중식],127.1400637,36.49814738,의당면,음식점,중식,15,3
청룡창고커피,127.1408119,36.49828095,의당면,카페,카페기타,128,5
청벽가든,127.2128284,36.43346017,반포면,음식점,전문음식점,3,1
청벽산,127.2210024,36.4301172,반포면,관광명소,명산,3,1
청석골칡냉면,127.123036,36.4660623,웅진동,음식점,한식,5,2
청송염소탕,127.1702252,36.58118833,의당면,음식점,한식,12,3
청수회관,126.9519966,36.54839159,유구읍,음식점,한식,3,1
청심약국,127.1246193,36.45714666,웅진동,기타의료시설,약국,3,1
청양분식,127.1238515,36.4577592,웅진동,음식점,한식,10,3
청양어죽,127.13934,36.47783883,월송동,음식점,전문음식점,23,4
청와대로스,127.1383401,36.47856096,월송동,음식점,한식,4,2
청운식당/[중식],127.139357,36.49906924,의당면,음식점,중식,268,5
청운정펜션,127.164561,36.36560177,계룡면,숙박,펜션,3,1
청풍식당,127.1347849,36.47195059,신관동,음식점,한식,3,1
초가집,127.1232173,36.45631555,중학동,음식점,한식,79,5
초대교회,127.1372291,36.47664451,신관동,종교,교회시설,35,4
초봉리마을회관,127.0700136,36.38937629,이인면,사회시설,회관,3,1
초이한옥호텔,127.1228972,36.46156281,웅진동,숙박,모텔/여관,80,5
촌정선곤드레밥,127.1218153,36.4655761,웅진동,음식점,한식,6,2
촌집,127.2532704,36.3640411,반포면,음식점,한식,82,5
최가네수육칼국수,127.1319847,36.46923331,신관동,음식점,한식,7,3
최가동해물짬뽕전문점/[중식],127.2598376,36.37199377,반포면,음식점,중식,4,2
최우선공인중개사사무소,127.121314,36.46678443,웅진동,생활서비스,부동산,3,1
추억의삼학,127.0186556,36.55655137,사곡면,음식점,한식,4,2
춘리마라탕/공주신관점,127.1396268,36.47300645,신관동,음식점,중식,3,1
춘산메밀꽃,127.2159448,36.42676177,반포면,음식점,한식,278,5
춘소커피,127.1201188,36.48089622,신관동,카페,카페기타,696,5
춤바위가든,127.0162671,36.54538596,사곡면,음식점,한식,3,1
충남교육연수원,127.1499788,36.49005526,월송동,교육기관,연수원,888,5
충남교향악단,127.1113427,36.46003514,웅진동,엔터테인먼트,엔터테인먼트기타,3,1
충남남부장애인종합복지관,127.143896,36.38268304,계룡면,사회시설,사회복지시설,31,4
충남인력개발원,127.1731144,36.52038973,의당면,교육기관,연수원,173,5
충만치킨/충남공주대점,127.1419787,36.47264499,신관동,음식점,치킨,3,1
충청남도교통연수원,127.1470892,36.48850433,월송동,교육기관,연수원,214,5
충청남도동물위생시험소/공주지소,127.1136755,36.4977253,우성면,연구기관,국공립,12,3
충청남도역사문화연구원,127.1467559,36.48917091,월송동,각종단체,재단,36,4
충청남도역사박물관,127.1266192,36.45373039,중학동,문화생활시설,박물관/기념관,37,4
충청남도인재개발원,127.1452005,36.48817102,월송동,교육기관,연수원,996,5
충청문화재연구원,127.2429703,36.40487553,반포면,연구기관,민간연구소,10,3
충청방송/본사,127.120953,36.45750771,웅진동,언론기관,방송사,3,1
치킨아울렛,127.1211197,36.45186946,중학동,음식점,치킨,3,1
카레이지히피스/2호점,127.2502274,36.36088082,반포면,카페,카페기타,53,4
카체르,127.2501923,36.36101946,반포면,카페,카페기타,3,1
카페그리너리&샌드위치,127.1217861,36.46617339,웅진동,레저/스포츠,키즈카페,7,3
카페댕,127.2039458,36.43065014,반포면,카페,이색카페,360,5
카페디자인컨셉,127.1538943,36.47170073,월송동,카페,커피전문점,4,2
카페버치,127.1301911,36.46946141,신관동,카페,카페기타,22,4
카페보노,127.1397289,36.47522802,신관동,카페,카페기타,6,2
카페보니비,127.2259364,36.40269247,반포면,카페,카페기타,18,4
카페보니비,127.2259441,36.40268124,반포면,카페,카페기타,8,3
카페봉갑리318,126.9023294,36.51261701,신풍면,카페,카페기타,4,2
카페수피아,127.1401455,36.47553354,신관동,카페,카페기타,3,1
카페스테이인터뷰/의당점,127.1360345,36.50983516,의당면,카페,카페기타,106,5
카페아띠,127.0415156,36.45911818,우성면,카페,카페기타,3,1
카페운암,127.020461,36.55421831,사곡면,카페,카페기타,144,5
카페유월,127.1984184,36.44414857,월송동,카페,카페기타,277,5
카페큐브,127.0480904,36.46976018,우성면,카페,카페기타,133,5
카페폰드,127.1020231,36.45086708,웅진동,카페,카페기타,30,4
카페프레즈,127.2317243,36.39893448,반포면,카페,카페기타,6,2
카페하루,127.1241365,36.4563659,중학동,카페,카페기타,11,3
카페화봉,127.1215911,36.53535994,정안면,카페,카페기타,47,4
칸모텔,127.1306222,36.47070186,신관동,숙박,모텔/여관,42,4
캔모아/공주대점,127.1368681,36.47245054,신관동,카페,카페기타,83,5
캠프달링,127.079158,36.6331961,정안면,레저/스포츠,캠프장,67,5
커피나그네,126.9597976,36.55169691,유구읍,카페,카페기타,5,2
커피이도,127.1351237,36.47040513,신관동,카페,카페기타,16,4
커피인터뷰/동학사점,127.2540905,36.38916772,반포면,카페,카페기타,271,5
컴포즈커피/공주신관점,127.1402093,36.47323802,신관동,카페,커피전문점,31,4
케이마트,127.1343127,36.4742281,신관동,슈퍼/마트,슈퍼/마트 기타,58,5
케이솔/정안공장,127.1310339,36.62160014,정안면,업종별기업,제조업,5,2
케이프타운,127.1433619,36.4616519,신관동,음식점,전문음식점,4,2
코스맥스향약원,126.9743535,36.61957168,유구읍,업종별기업,화학,17,4
코스타리몬,127.0441737,36.5568247,사곡면,숙박,펜션,3,1
코웨이/유구공장,126.9673269,36.55230156,유구읍,업종별기업,업종별기업기타,211,5
큐무인호텔,127.2519134,36.3644141,반포면,숙박,모텔/여관,46,4
큐브카페,127.1129813,36.47133942,웅진동,카페,카페기타,9,3
크라운호프/공주신관점,127.1361737,36.47156175,신관동,술집,호프,3,1
크리스탈모텔,127.1071208,36.46364582,웅진동,숙박,모텔/여관,7,3
크린토피아코인워시/공주교대점,127.1203147,36.4429197,금학동,생활서비스,세탁소,7,3
큰목골낚시터,127.176837,36.44320411,옥룡동,레저/스포츠,낚시,3,1
클레리아,127.1812536,36.410319,계룡면,숙박,펜션,12,3
클레어스,127.1423199,36.36216669,계룡면,카페,카페기타,3,1
클리오모텔,127.1304655,36.47035923,신관동,숙박,모텔/여관,12,3
키도펜션,127.1117867,36.50041943,우성면,숙박,펜션,19,4
킨토토/공주점,127.1372437,36.47104806,신관동,음식점,일식,8,3
킴스스크린골프,127.1410485,36.45562947,옥룡동,레저/스포츠,골프연습장,15,3
킹커힐모텔,127.1311602,36.46967249,신관동,숙박,모텔/여관,18,4
타이타닉 모텔,127.148395,36.45084196,옥룡동,숙박,모텔/여관,3,1
탄천산단주거복지센터,127.0617651,36.30213619,탄천면,사회시설,사회복지시설,23,4
탄천약국,127.0285456,36.33071607,탄천면,기타의료시설,약국,3,1
탄천휴게소/논산방향 [천안논산선],127.0700976,36.31927317,탄천면,교통시설,고속도로휴게소,22,4
탑마트/공주점,127.1401178,36.4729505,신관동,슈퍼/마트,대형슈퍼,179,5
탑모텔,127.132777,36.46960891,신관동,숙박,모텔/여관,12,3
탑텐/공주신관점,127.1324379,36.4712151,신관동,의류/직물,스포츠·캐주얼의류,50,4
태성레미콘,127.1472568,36.38454396,계룡면,업종별기업,건설업,38,4
태양공구,127.1321185,36.47064516,신관동,업종별기업,기계,3,1
태평루/[중식],127.1232375,36.61340726,정안면,음식점,중식,3,1
태화식당/[한식],127.0198109,36.55648391,사곡면,음식점,한식,68,5
토속식당,127.1230083,36.46489577,웅진동,음식점,한식,13,3
통천포요양센터,127.0487648,36.47667177,우성면,기타의료시설,요양원,7,3
투데이무인텔,127.2516366,36.36701879,반포면,숙박,모텔/여관,6,2
투썸플레이스/공주신관점,127.1408677,36.47283941,신관동,카페,커피전문점,43,4
투썸플레이스/공주월송점,127.1507508,36.47659652,월송동,카페,커피전문점,75,5
투썸플레이스/동학사점,127.2365851,36.35760541,반포면,카페,커피전문점,18,4
트리팜관광농원,127.0935131,36.3267212,이인면,레저/스포츠,관광농원,4,2
트리팜캠핑장,127.0935121,36.32674468,이인면,레저/스포츠,캠프장,111,5
튼튼키즈소아청소년과의원,127.144534,36.47411706,신관동,의료시설,의원,7,3
파리바게뜨/공주신관점,127.1373159,36.47398588,신관동,음식점,제과점,15,3
파리바게뜨/공주월송점,127.1532694,36.47582736,월송동,음식점,제과점,3,1
파리바게뜨/공주유구점,126.9520482,36.55040731,유구읍,음식점,제과점,6,2
파리바게뜨/공주중앙점,127.1248137,36.45545241,중학동,음식점,제과점,15,3
파리바게뜨/공주터미널점,127.1347105,36.46852553,신관동,음식점,제과점,3,1
파워추레라/공주지사,127.2672049,36.41211018,반포면,업종별기업,운수장비,3,1
파크오브드림,127.2580218,36.3687181,반포면,레저/스포츠,캠프장,184,5
판다팜/공주점,127.1365348,36.47320045,신관동,쇼핑기타,쇼핑기타,95,5
팔각도/공주신관점,127.1428953,36.47308939,신관동,음식점,전문음식점,14,3
팔팔무쇠삼겹,127.1364506,36.47250148,신관동,음식점,한식,74,5
팔팔청과상회,127.1211751,36.45964636,웅진동,음식료,농수축산물점,3,1
퍼스트랩피트니스,127.1522792,36.47515247,월송동,레저/스포츠,헬스,3,1
퍼시먼,127.2416517,36.35950733,반포면,카페,카페기타,6,2
평소리까페,126.9969913,36.51997104,신풍면,카페,카페기타,3,1
포레스트스테이,127.2361933,36.3586643,반포면,숙박,펜션,27,4
포시즌무인텔,127.2518588,36.3676576,반포면,숙박,모텔/여관,3,1
퐁당샤브/공주점,127.1408122,36.47406149,신관동,음식점,샤브샤브,48,4
프라하모텔,127.2538031,36.36776871,반포면,숙박,모텔/여관,22,4
프랭크버거/공주신관점,127.1379235,36.47197838,신관동,음식점,패스트푸드,3,1
프로포즈모텔,127.2514977,36.36471349,반포면,숙박,모텔/여관,14,3
프론트,127.123249,36.4508769,중학동,카페,카페기타,13,3
프롬나드,127.1749294,36.397281,계룡면,카페,카페기타,17,4
프린세스GC,127.1165905,36.65123556,정안면,레저/스포츠,골프장,1414,5
프린세스캠핑장,127.1244247,36.47656111,신관동,레저/스포츠,캠프장,48,4
프린세스피크닉카페,127.1243168,36.4765702,신관동,카페,카페기타,216,5
프린세스피크닉카페,127.1244525,36.47656111,신관동,카페,카페기타,142,5
플랜티실내테니스장/본점,127.1508666,36.49583684,의당면,레저/스포츠,테니스,66,5
피자나라치킨공주/충남공주대점,127.1327737,36.47479784,신관동,음식점,패스트푸드,3,1
피자마루/공주중동점,127.1242305,36.45417477,중학동,음식점,패스트푸드,3,1
피자스쿨,127.1373958,36.47331156,신관동,음식점,패스트푸드,3,1
피자헛/공주신관점,127.1396072,36.47452465,신관동,음식점,패스트푸드,6,2
피탕김탕,127.1390304,36.47797856,월송동,음식점,중식,801,5
필내과의원,127.1411732,36.47408927,신관동,의료시설,의원,8,3
하나님의교회 세계복음선교협회,127.1213973,36.46514573,웅진동,종교,교회시설,13,3
하나로마트/계룡농협본점,127.142689,36.36034252,계룡면,슈퍼/마트,대형슈퍼,37,4
하나로마트/공주농협옥룡점,127.1339254,36.45655266,옥룡동,슈퍼/마트,대형슈퍼,158,5
하나로마트/공주축협,127.1335284,36.47151367,신관동,슈퍼/마트,대형슈퍼,65,5
하나로마트/반포농협본점,127.2501709,36.39703122,반포면,슈퍼/마트,대형슈퍼,162,5
하나로마트/사곡농협마곡점,127.0191224,36.55613974,사곡면,슈퍼/마트,대형슈퍼,4,2
하나로마트/사곡농협본점,127.0261106,36.50292461,사곡면,슈퍼/마트,대형슈퍼,73,5
하나로마트/세종공주원예농협월송점,127.1528388,36.47583914,월송동,슈퍼/마트,대형슈퍼,29,4
하나로마트/신풍농협,126.9564393,36.51505575,신풍면,슈퍼/마트,대형슈퍼,7,3
하나로마트/우성농협,127.0883168,36.47608873,우성면,슈퍼/마트,대형슈퍼,330,5
하나로마트/유구농협,126.9535504,36.55299584,유구읍,슈퍼/마트,대형슈퍼,239,5
하나로마트/의당농협본점,127.1396176,36.49969745,의당면,슈퍼/마트,대형슈퍼,155,5
하나로마트/이인농협,127.0630561,36.36154241,이인면,슈퍼/마트,대형슈퍼,18,4
하나로마트/정안농협본점,127.1217848,36.60982366,정안면,슈퍼/마트,대형슈퍼,118,5
하나로마트/탄천농협본점,127.027345,36.33084769,탄천면,슈퍼/마트,대형슈퍼,19,4
하나투어/일등여행사점,127.1372054,36.47113941,신관동,레저/스포츠,여행사,4,2
하늘땅,127.1219253,36.43573242,금학동,음식점,한식,8,3
하늘소망교회,127.2535806,36.39654321,반포면,종교,교회시설,5,2
하늘아래토브,127.1236178,36.63743162,정안면,음식점,한식,38,4
하늘정골청국장,127.15783,36.50643374,의당면,음식점,한식,5,2
하늘펜션,127.239958,36.35984425,반포면,숙박,펜션,4,2
하루찬,127.1360051,36.4751617,신관동,음식료,반찬가게,3,1
하루한옥,127.1222743,36.46340238,웅진동,숙박,게스트하우스,24,4
하림펫푸드,127.1293118,36.62140571,정안면,업종별기업,업종별기업기타,161,5
하얀성모텔,127.0692633,36.44167588,금학동,숙박,모텔/여관,6,2
하얀펜션,127.0349319,36.55977331,사곡면,숙박,펜션,3,1
학림사,127.2475259,36.36490789,반포면,종교,절,28,4
학봉교회,127.2500257,36.36199157,반포면,종교,교회시설,6,2
학생백화점,127.1223695,36.45267493,중학동,문화용품,문구/화방,3,1
한국문화연수원,127.010073,36.5661891,사곡면,문화생활시설,문화원,304,5
한국섬유스마트공정연구원,126.9453011,36.54999614,유구읍,연구기관,연구기관기타,8,3
한국자연사박물관,127.2448594,36.3664077,반포면,문화생활시설,박물관/기념관,155,5
한남하이텍,127.161338,36.48014425,월송동,업종별기업,화학,9,3
한림로덱스,127.0491261,36.44642522,우성면,업종별기업,비금속 광물,6,2
한마음정육식당/동학사점,127.2504423,36.36099169,반포면,음식점,한식,57,5
한살림/공주매장,127.137618,36.47758885,월송동,음식료,농수축산물점,16,4
한성공업사,127.2662691,36.41139155,반포면,업종별기업,제조업,3,1
한솥도시락/공주대후문앞점,127.1372847,36.46886762,신관동,음식점,도시락전문,9,3
한엘,127.1593938,36.47770007,월송동,업종별기업,제조업,12,3
한오백년추어탕,127.1347868,36.47108794,신관동,음식점,한식,18,4
한옥마을,127.1077041,36.46447906,웅진동,음식점,분식,3,1
한우가든정육점식당,127.1348579,36.4707632,신관동,음식점,한식,54,5
한우타운,127.136233,36.47289905,신관동,음식점,한식,9,3
한일산업/중부공장,127.1622545,36.49208734,월송동,업종별기업,제조업,12,3
한일시멘트/공주공장,127.1760028,36.54588684,의당면,업종별기업,건설업,225,5
한적골,127.1380346,36.47781105,월송동,음식점,한식,95,5
한적한가게스트하우스,127.1375346,36.47869983,월송동,숙박,게스트하우스,3,1
한정아스콘,127.1830022,36.54530361,의당면,업종별기업,제조업,6,2
한천저수지,127.0868999,36.51919492,우성면,관광명소,저수지,15,3
한촌설렁탕/공주점,127.1405621,36.4766723,신관동,음식점,한식,22,4
한혜정참맛동태,127.1241471,36.45531353,중학동,음식점,한식,4,2
할로인풍,127.1228783,36.64057786,정안면,카페,카페기타,41,4
항아리가든,127.1686932,36.3704213,계룡면,음식점,한식,20,4
해달별장,127.2653854,36.36601898,반포면,카페,카페기타,3,1
해뜰/[한식],127.253192,36.36335255,반포면,음식점,한식,11,3
해물왕칼국수,127.0936776,36.45886851,우성면,음식점,한식,17,4
해성상사,127.1367844,36.50677996,의당면,업종별기업,업종별기업기타,3,1
해월카라반,127.0160682,36.5152462,사곡면,레저/스포츠,캠프장,34,4
행복사우나,127.1352571,36.4709507,신관동,생활서비스,목욕탕/사우나,3,1
행복한오리,127.1429954,36.47648311,신관동,음식점,전문음식점,7,3
행주치마,127.2660242,36.36568569,반포면,카페,카페기타,7,3
향마루뜸북장/동학사점,127.2339156,36.4001538,반포면,음식점,부페,3,1
향설,127.1214275,36.46656849,웅진동,카페,전통찻집,6,2
향수,127.1215731,36.6273864,정안면,음식점,세계요리,108,5
향지리마을회관,127.1176486,36.35721357,계룡면,사회시설,회관,3,1
헤어림,127.1382568,36.47683894,신관동,생활서비스,미용실,3,1
현대요양병원,127.1329796,36.46883982,신관동,의료시설,요양병원,125,5
현대철물,127.1331184,36.47183948,신관동,생활서비스,철물점,10,3
현대타일,127.1333359,36.47318059,신관동,건축자재,인테리어,4,2
현일산업개발공사,126.9821589,36.56052292,유구읍,업종별기업,업종별기업기타,38,4
형산강가든/[한식],127.1942801,36.41623506,계룡면,음식점,한식,7,3
호두나무집,127.1232662,36.45524177,중학동,음식점,한식,3,1
호텔공산여관,127.131419,36.47034,신관동,숙박,모텔/여관,80,5
호텔공주,127.1298132,36.46995079,신관동,숙박,호텔,299,5
호텔궁,127.249359,36.36626886,반포면,숙박,모텔/여관,3,1
호텔금강,127.1310631,36.47045074,신관동,숙박,호텔,191,5
호텔델루나,127.1328962,36.46861762,신관동,숙박,모텔/여관,8,3
호텔르네상스,127.1319241,36.46861762,신관동,숙박,모텔/여관,102,5
호텔문,127.2491924,36.36668548,반포면,숙박,모텔/여관,9,3
호텔미인,127.1309797,36.46986747,신관동,숙박,모텔/여관,183,5
호텔소설,127.2540808,36.3685464,반포면,숙박,호텔,12,3
호텔스테이오늘/공주점,127.1300975,36.47053803,신관동,숙박,모텔/여관,32,4
호텔카이,127.1212584,36.4633126,웅진동,숙박,모텔/여관,11,3
호텔패션,127.1327296,36.4683121,신관동,숙박,모텔/여관,62,5
홀리데이호텔,127.2505811,36.36771314,반포면,숙박,호텔,3,1
홀인원모텔,127.2513148,36.36451582,반포면,숙박,모텔/여관,3,1
홍기와쭈꾸미,127.2557194,36.3873776,반포면,음식점,전문음식점,624,5
홍능숯불갈비,127.1346461,36.47120067,신관동,음식점,한식,60,5
홍휘관,127.1229959,36.46598492,웅진동,숙박,전통숙소,4,2
화덕구이고등어,127.1431452,36.47981085,월송동,음식점,한식,21,4
화덕구이고등어,127.1431495,36.47980746,월송동,음식점,한식,23,4
화로가,127.155283,36.48197734,월송동,음식점,한식,3,1
화이트리풀빌라펜션,127.0221,36.53041548,사곡면,숙박,펜션,3,1
화정교회,127.0538216,36.28524917,탄천면,종교,교회시설,3,1
화평침례교회,127.1205078,36.53585988,정안면,종교,교회시설,3,1
황금소나무,127.1378679,36.47794992,월송동,카페,카페기타,3,1
황금코다리/공주점,127.1470199,36.48162417,월송동,음식점,한식,3,1
황금코다리/공주점,127.1470578,36.48160136,월송동,음식점,한식,11,3
황새바위순교성지,127.1199252,36.46359034,웅진동,종교,성당시설,251,5
황칠나무흑염소요리전문점,127.164477,36.44612037,옥룡동,음식점,한식,3,1
황토성참숯가마찜질방,127.1956966,36.42456746,반포면,생활서비스,찜질방,13,3
황토촌,127.1238972,36.4560079,중학동,음식점,한식,15,3
황해도전통손만두국,127.1343407,36.4512585,옥룡동,음식점,한식,14,3
회떠,127.1367292,36.47328378,신관동,음식점,전문음식점,19,4
회랑구이,127.1378402,36.47817212,월송동,음식점,일식,5,2
효성부동산,127.1355904,36.46853431,신관동,생활서비스,부동산,23,4
효심공원,127.1276191,36.45400815,중동,관광명소,공원,3,1
효약국,127.1245082,36.45850762,웅진동,기타의료시설,약국,3,1
후라이드참잘하는집/공주신관점,127.1453117,36.47647791,신관동,음식점,치킨,15,3
후레쉬마트,127.1355904,36.47328377,신관동,슈퍼/마트,슈퍼/마트 기타,4,2
후멜로,127.2141257,36.42286516,반포면,카페,카페기타,177,5
훼미리낚시터,127.1669872,36.4386425,옥룡동,레저/스포츠,낚시,26,4
휘연,127.2561984,36.38650069,반포면,카페,카페기타,75,5
휴먼바이오,127.142312,36.47914425,월송동,연구기관,연구기관기타,3,1
휴펜션,127.2520398,36.3625986,반포면,숙박,펜션,6,2
희망식당,127.1292299,36.47045073,신관동,술집,호프,57,5
희준농축산물,127.1483393,36.47272835,신관동,음식료,정육점,3,1
힐스포레,126.9496549,36.51658331,신풍면,레저/스포츠,관광농원,410,5
힐스포레베이커리,126.9513861,36.51673414,신풍면,음식점,제과점,41,4
힐하우스펜션,127.2440262,36.35985289,반포면,숙박,펜션,6,2
